2026-07-17 03:20:49,841 INFO protliggnn - Experiment directory: experiments\run_015
2026-07-17 03:20:49,843 INFO protliggnn - CLI arguments: {'data_dir': 'data/pdbbind2020', 'device': 'cuda:0', 'epochs': 50, 'batch_size': 8, 'lr': 0.001, 'weight_decay': 1e-05, 'patience': 10, 'seed': 2024, 'max_samples': 1000, 'run_name': 'protliggnn_benchmark_seed_2024', 'no_crossgraph': False, 'save_path': 'experiments\\run_015\\checkpoint.pt', 'split_strategy': 'random', 'split_dir': 'splits', 'fixed_split_dir': None, 'val_fraction': 0.1, 'test_fraction': 0.1, 'dataset_version': 'pdbbind2020_local', 'experiments_root': 'experiments', 'experiment_dir': 'experiments\\run_015', 'experiment_id': None, 'num_workers': 0, 'pin_memory': False, 'disable_experiment_tracking': False, 'resume': None, 'allow_duplicate': True, 'hidden_dim': 256, 'dropout': 0.2, 'optimizer': 'adam', 'scheduler': 'none', 'grad_clip': None, 'no_residual': False, 'no_layernorm': False, 'no_attention': False, 'pooling': 'mean', 'log_level': 'INFO', 'model_type': 'soft_routing', 'router_type': 'gated', 'routing_level': 'embedding', 'gate_regularization': 0.0, 'entropy_regularization': 0.01, 'sparsity_regularization': 0.0, 'diversity_regularization': 0.0, 'router_capacity': 'base', 'contact_threshold': 4.0, 'loss_weight': 0.1, 'loss_weight_strategy': 'fixed', 'contact_hidden_dim': 128, 'rbf_basis': 32, 'rbf_start': 0.0, 'rbf_stop': 12.0, 'rbf_proj_dim': 32, 'interaction_dim': 32, 'latent_dim': 32, 'chemistry_dim': 32, 'representation_dim': 32, 'attention_bias_type': 'rbf', 'attention_learnable_scale': 'true', 'attention_initial_alpha': 0.1, 'attention_normalize_bias': 'true', 'experiment_purpose': 'benchmark', 'research_question': 'Can ProtLigGNN reproducibly predict protein-ligand affinity under this benchmark configuration?', 'author': 'unknown', 'description': '', 'notes': '', 'tags': '', 'expected_outcome': '', 'current_milestone': 'research-infrastructure', 'architecture_version': 'protliggnn-v1', 'research_version': 'Validated Baseline v0.95'}
2026-07-17 03:20:49,844 INFO protliggnn - Loading dataset from D:\ProtLigGnn\data\pdbbind2020
2026-07-17 03:20:49,845 WARNING protliggnn.train - Censored or approximate affinity label detected: 'Kd<10uM' (relation: '<'). Treating as exact value.
2026-07-17 03:20:49,845 WARNING protliggnn.train - Censored or approximate affinity label detected: 'Ki<=17nM' (relation: '<='). Treating as exact value.
2026-07-17 03:20:49,845 WARNING protliggnn.train - Censored or approximate affinity label detected: 'IC50<=3.5nM' (relation: '<='). Treating as exact value.
2026-07-17 03:20:49,845 WARNING protliggnn.train - Censored or approximate affinity label detected: 'Ki<1.0nM' (relation: '<'). Treating as exact value.
2026-07-17 03:20:49,845 WARNING protliggnn.train - Censored or approximate affinity label detected: 'Ki<10uM' (relation: '<'). Treating as exact value.
2026-07-17 03:20:49,845 WARNING protliggnn.train - Censored or approximate affinity label detected: 'Ki<1nM' (relation: '<'). Treating as exact value.
2026-07-17 03:20:49,846 WARNING protliggnn.train - Censored or approximate affinity label detected: 'IC50<=2.0nM' (relation: '<='). Treating as exact value.
2026-07-17 03:20:49,846 WARNING protliggnn.train - Censored or approximate affinity label detected: 'IC50~10uM' (relation: '~'). Treating as exact value.
2026-07-17 03:20:49,846 WARNING protliggnn.train - Censored or approximate affinity label detected: 'Ki<0.01nM' (relation: '<'). Treating as exact value.
2026-07-17 03:20:49,846 WARNING protliggnn.train - Censored or approximate affinity label detected: 'Ki<=100nM' (relation: '<='). Treating as exact value.
2026-07-17 03:20:49,846 WARNING protliggnn.train - Censored or approximate affinity label detected: 'Ki<21nM' (relation: '<'). Treating as exact value.
2026-07-17 03:20:49,847 WARNING protliggnn.train - Censored or approximate affinity label detected: 'Ki~0.1pM' (relation: '~'). Treating as exact value.
2026-07-17 03:20:49,847 WARNING protliggnn.train - Censored or approximate affinity label detected: 'Kd<=100uM' (relation: '<='). Treating as exact value.
2026-07-17 03:20:49,848 WARNING protliggnn.train - Censored or approximate affinity label detected: 'Kd~10pM' (relation: '~'). Treating as exact value.
2026-07-17 03:20:49,921 WARNING protliggnn.train - Censored or approximate affinity label detected: 'Kd~1pM' (relation: '~'). Treating as exact value.
2026-07-17 03:20:49,921 WARNING protliggnn.train - Censored or approximate affinity label detected: 'Kd~1pM' (relation: '~'). Treating as exact value.
2026-07-17 03:20:49,922 WARNING protliggnn.train - Censored or approximate affinity label detected: 'Kd<0.010uM' (relation: '<'). Treating as exact value.
2026-07-17 03:20:49,923 WARNING protliggnn.train - Censored or approximate affinity label detected: 'Kd~0.1uM' (relation: '~'). Treating as exact value.
2026-07-17 03:20:49,923 WARNING protliggnn.train - Censored or approximate affinity label detected: 'Ki<0.3uM' (relation: '<'). Treating as exact value.
2026-07-17 03:20:49,924 WARNING protliggnn.train - Censored or approximate affinity label detected: 'IC50<0.003uM' (relation: '<'). Treating as exact value.
2026-07-17 03:20:49,924 WARNING protliggnn.train - Censored or approximate affinity label detected: 'IC50<0.05uM' (relation: '<'). Treating as exact value.
2026-07-17 03:20:49,924 WARNING protliggnn.train - Censored or approximate affinity label detected: 'IC50<0.05uM' (relation: '<'). Treating as exact value.
2026-07-17 03:20:49,925 WARNING protliggnn.train - Censored or approximate affinity label detected: 'IC50~5mM' (relation: '~'). Treating as exact value.
2026-07-17 03:20:49,925 WARNING protliggnn.train - Censored or approximate affinity label detected: 'Kd<0.12nM' (relation: '<'). Treating as exact value.
2026-07-17 03:20:49,926 WARNING protliggnn.train - Censored or approximate affinity label detected: 'Kd~0.69pM' (relation: '~'). Treating as exact value.
2026-07-17 03:20:49,926 WARNING protliggnn.train - Censored or approximate affinity label detected: 'Kd~11pM' (relation: '~'). Treating as exact value.
2026-07-17 03:20:49,926 WARNING protliggnn.train - Censored or approximate affinity label detected: 'Kd~28pM' (relation: '~'). Treating as exact value.
2026-07-17 03:20:49,927 WARNING protliggnn.train - Censored or approximate affinity label detected: 'IC50<0.003uM' (relation: '<'). Treating as exact value.
2026-07-17 03:20:49,927 WARNING protliggnn.train - Censored or approximate affinity label detected: 'IC50<20nM' (relation: '<'). Treating as exact value.
2026-07-17 03:20:49,927 WARNING protliggnn.train - Censored or approximate affinity label detected: 'IC50<5nM' (relation: '<'). Treating as exact value.
2026-07-17 03:20:49,928 WARNING protliggnn.train - Censored or approximate affinity label detected: 'Kd~1nM' (relation: '~'). Treating as exact value.
2026-07-17 03:20:49,928 WARNING protliggnn.train - Censored or approximate affinity label detected: 'Kd~1nM' (relation: '~'). Treating as exact value.
2026-07-17 03:20:49,928 WARNING protliggnn.train - Censored or approximate affinity label detected: 'Ki<10nM' (relation: '<'). Treating as exact value.
2026-07-17 03:20:49,930 WARNING protliggnn.train - Censored or approximate affinity label detected: 'Kd<10uM' (relation: '<'). Treating as exact value.
2026-07-17 03:20:49,931 WARNING protliggnn.train - Censored or approximate affinity label detected: 'IC50<100nM' (relation: '<'). Treating as exact value.
2026-07-17 03:20:49,932 WARNING protliggnn.train - Censored or approximate affinity label detected: 'Kd<2pM' (relation: '<'). Treating as exact value.
2026-07-17 03:20:49,933 WARNING protliggnn.train - Censored or approximate affinity label detected: 'Kd~50uM' (relation: '~'). Treating as exact value.
2026-07-17 03:20:49,933 WARNING protliggnn.train - Censored or approximate affinity label detected: 'Ki<=0.6nM' (relation: '<='). Treating as exact value.
2026-07-17 03:20:49,936 WARNING protliggnn.train - Censored or approximate affinity label detected: 'Kd~100uM' (relation: '~'). Treating as exact value.
2026-07-17 03:20:49,936 WARNING protliggnn.train - Censored or approximate affinity label detected: 'Kd~100uM' (relation: '~'). Treating as exact value.
2026-07-17 03:20:49,937 WARNING protliggnn.train - Censored or approximate affinity label detected: 'IC50<0.04nM' (relation: '<'). Treating as exact value.
2026-07-17 03:20:50,972 WARNING protliggnn.train - Censored or approximate affinity label detected: 'Kd~10nM' (relation: '~'). Treating as exact value.
2026-07-17 03:20:50,974 WARNING protliggnn.train - Censored or approximate affinity label detected: 'IC50<0.5nM' (relation: '<'). Treating as exact value.
2026-07-17 03:20:50,979 WARNING protliggnn.train - Censored or approximate affinity label detected: 'Kd~40mM' (relation: '~'). Treating as exact value.
2026-07-17 03:20:50,979 WARNING protliggnn.train - Censored or approximate affinity label detected: 'Ki<10uM' (relation: '<'). Treating as exact value.
2026-07-17 03:20:50,982 WARNING protliggnn.train - Censored or approximate affinity label detected: 'IC50<1.0nM' (relation: '<'). Treating as exact value.
2026-07-17 03:20:50,982 WARNING protliggnn.train - Censored or approximate affinity label detected: 'IC50<2nM' (relation: '<'). Treating as exact value.
2026-07-17 03:20:50,983 WARNING protliggnn.train - Censored or approximate affinity label detected: 'IC50<3nM' (relation: '<'). Treating as exact value.
2026-07-17 03:20:50,983 WARNING protliggnn.train - Censored or approximate affinity label detected: 'IC50<=1nM' (relation: '<='). Treating as exact value.
2026-07-17 03:20:50,987 WARNING protliggnn.train - Censored or approximate affinity label detected: 'Kd<1nM' (relation: '<'). Treating as exact value.
2026-07-17 03:20:50,991 WARNING protliggnn.train - Censored or approximate affinity label detected: 'Kd~1nM' (relation: '~'). Treating as exact value.
2026-07-17 03:20:50,991 WARNING protliggnn.train - Censored or approximate affinity label detected: 'Kd~1nM' (relation: '~'). Treating as exact value.
2026-07-17 03:20:50,993 WARNING protliggnn.train - Censored or approximate affinity label detected: 'IC50<2nM' (relation: '<'). Treating as exact value.
2026-07-17 03:20:50,998 WARNING protliggnn.train - Censored or approximate affinity label detected: 'IC50~1mM' (relation: '~'). Treating as exact value.
2026-07-17 03:20:50,998 WARNING protliggnn.train - Censored or approximate affinity label detected: 'IC50~20mM' (relation: '~'). Treating as exact value.
2026-07-17 03:20:50,998 WARNING protliggnn.train - Censored or approximate affinity label detected: 'Kd<0.1nM' (relation: '<'). Treating as exact value.
2026-07-17 03:20:50,999 WARNING protliggnn.train - Censored or approximate affinity label detected: 'Kd<1mM' (relation: '<'). Treating as exact value.
2026-07-17 03:20:50,999 WARNING protliggnn.train - Censored or approximate affinity label detected: 'Kd<60uM' (relation: '<'). Treating as exact value.
2026-07-17 03:20:51,003 WARNING protliggnn.train - Censored or approximate affinity label detected: 'Kd~300uM' (relation: '~'). Treating as exact value.
2026-07-17 03:20:51,003 WARNING protliggnn.train - Censored or approximate affinity label detected: 'Ki<50.0nM' (relation: '<'). Treating as exact value.
2026-07-17 03:20:51,006 WARNING protliggnn.train - Censored or approximate affinity label detected: 'Ki~5mM' (relation: '~'). Treating as exact value.
2026-07-17 03:20:51,006 WARNING protliggnn.train - Censored or approximate affinity label detected: 'Ki~5uM' (relation: '~'). Treating as exact value.
2026-07-17 03:20:51,007 WARNING protliggnn.train - Censored or approximate affinity label detected: 'IC50<0.001uM' (relation: '<'). Treating as exact value.
2026-07-17 03:20:51,007 WARNING protliggnn.train - Censored or approximate affinity label detected: 'IC50<0.003uM' (relation: '<'). Treating as exact value.
2026-07-17 03:20:51,007 WARNING protliggnn.train - Censored or approximate affinity label detected: 'IC50<0.004uM' (relation: '<'). Treating as exact value.
2026-07-17 03:20:51,007 WARNING protliggnn.train - Censored or approximate affinity label detected: 'IC50<10nM' (relation: '<'). Treating as exact value.
2026-07-17 03:20:51,007 WARNING protliggnn.train - Censored or approximate affinity label detected: 'IC50<2.13nM' (relation: '<'). Treating as exact value.
2026-07-17 03:20:51,007 WARNING protliggnn.train - Censored or approximate affinity label detected: 'IC50<3nM' (relation: '<'). Treating as exact value.
2026-07-17 03:20:52,754 WARNING protliggnn.train - Censored or approximate affinity label detected: 'IC50<3nM' (relation: '<'). Treating as exact value.
2026-07-17 03:20:52,754 WARNING protliggnn.train - Censored or approximate affinity label detected: 'IC50<4nM' (relation: '<'). Treating as exact value.
2026-07-17 03:20:52,754 WARNING protliggnn.train - Censored or approximate affinity label detected: 'IC50<5nM' (relation: '<'). Treating as exact value.
2026-07-17 03:20:52,754 WARNING protliggnn.train - Censored or approximate affinity label detected: 'IC50<5nM' (relation: '<'). Treating as exact value.
2026-07-17 03:20:52,756 WARNING protliggnn.train - Censored or approximate affinity label detected: 'Kd<0.1mM' (relation: '<'). Treating as exact value.
2026-07-17 03:20:52,756 WARNING protliggnn.train - Censored or approximate affinity label detected: 'Kd<0.1nM' (relation: '<'). Treating as exact value.
2026-07-17 03:20:52,756 WARNING protliggnn.train - Censored or approximate affinity label detected: 'Kd<100nM' (relation: '<'). Treating as exact value.
2026-07-17 03:20:52,756 WARNING protliggnn.train - Censored or approximate affinity label detected: 'Kd<10nM' (relation: '<'). Treating as exact value.
2026-07-17 03:20:52,757 WARNING protliggnn.train - Censored or approximate affinity label detected: 'Kd~102uM' (relation: '~'). Treating as exact value.
2026-07-17 03:20:52,757 WARNING protliggnn.train - Censored or approximate affinity label detected: 'Kd~125nM' (relation: '~'). Treating as exact value.
2026-07-17 03:20:52,757 WARNING protliggnn.train - Censored or approximate affinity label detected: 'Kd~1uM' (relation: '~'). Treating as exact value.
2026-07-17 03:20:52,757 WARNING protliggnn.train - Censored or approximate affinity label detected: 'Kd~1uM' (relation: '~'). Treating as exact value.
2026-07-17 03:20:52,757 WARNING protliggnn.train - Censored or approximate affinity label detected: 'Kd~5uM' (relation: '~'). Treating as exact value.
2026-07-17 03:20:52,757 WARNING protliggnn.train - Censored or approximate affinity label detected: 'Kd~74.3uM' (relation: '~'). Treating as exact value.
2026-07-17 03:20:52,758 WARNING protliggnn.train - Censored or approximate affinity label detected: 'Kd~85nM' (relation: '~'). Treating as exact value.
2026-07-17 03:20:52,758 WARNING protliggnn.train - Censored or approximate affinity label detected: 'Ki<0.10nM' (relation: '<'). Treating as exact value.
2026-07-17 03:20:52,759 WARNING protliggnn.train - Censored or approximate affinity label detected: 'Ki~2uM' (relation: '~'). Treating as exact value.
2026-07-17 03:20:52,759 WARNING protliggnn.train - Censored or approximate affinity label detected: 'Ki~55mM' (relation: '~'). Treating as exact value.
2026-07-17 03:20:52,759 WARNING protliggnn.train - Censored or approximate affinity label detected: 'Ki~55mM' (relation: '~'). Treating as exact value.
2026-07-17 03:20:52,759 WARNING protliggnn.train - Censored or approximate affinity label detected: 'IC50<0.01uM' (relation: '<'). Treating as exact value.
2026-07-17 03:20:52,759 WARNING protliggnn.train - Censored or approximate affinity label detected: 'IC50<0.01uM' (relation: '<'). Treating as exact value.
2026-07-17 03:20:52,759 WARNING protliggnn.train - Censored or approximate affinity label detected: 'IC50<2.5nM' (relation: '<'). Treating as exact value.
2026-07-17 03:20:52,761 WARNING protliggnn.train - Censored or approximate affinity label detected: 'IC50~0.5uM' (relation: '~'). Treating as exact value.
2026-07-17 03:20:52,761 WARNING protliggnn.train - Censored or approximate affinity label detected: 'IC50~30nM' (relation: '~'). Treating as exact value.
2026-07-17 03:20:52,761 WARNING protliggnn.train - Censored or approximate affinity label detected: 'Kd<10nM' (relation: '<'). Treating as exact value.
2026-07-17 03:20:52,761 WARNING protliggnn.train - Censored or approximate affinity label detected: 'Kd<10uM' (relation: '<'). Treating as exact value.
2026-07-17 03:20:52,761 WARNING protliggnn.train - Censored or approximate affinity label detected: 'Kd<6nM' (relation: '<'). Treating as exact value.
2026-07-17 03:20:54,400 WARNING protliggnn.train - Censored or approximate affinity label detected: 'Kd~10nM' (relation: '~'). Treating as exact value.
2026-07-17 03:20:54,400 WARNING protliggnn.train - Censored or approximate affinity label detected: 'Kd~160nM' (relation: '~'). Treating as exact value.
2026-07-17 03:20:54,400 WARNING protliggnn.train - Censored or approximate affinity label detected: 'Kd~1mM' (relation: '~'). Treating as exact value.
2026-07-17 03:20:54,400 WARNING protliggnn.train - Censored or approximate affinity label detected: 'Kd~1uM' (relation: '~'). Treating as exact value.
2026-07-17 03:20:54,400 WARNING protliggnn.train - Censored or approximate affinity label detected: 'Kd~2uM' (relation: '~'). Treating as exact value.
2026-07-17 03:20:54,400 WARNING protliggnn.train - Censored or approximate affinity label detected: 'Kd~5uM' (relation: '~'). Treating as exact value.
2026-07-17 03:20:54,400 WARNING protliggnn.train - Censored or approximate affinity label detected: 'Ki<0.05uM' (relation: '<'). Treating as exact value.
2026-07-17 03:20:54,400 WARNING protliggnn.train - Censored or approximate affinity label detected: 'Ki<1nM' (relation: '<'). Treating as exact value.
2026-07-17 03:20:54,400 WARNING protliggnn.train - Censored or approximate affinity label detected: 'Ki<1nM' (relation: '<'). Treating as exact value.
2026-07-17 03:20:54,400 WARNING protliggnn.train - Censored or approximate affinity label detected: 'Ki<1nM' (relation: '<'). Treating as exact value.
2026-07-17 03:20:54,400 WARNING protliggnn.train - Censored or approximate affinity label detected: 'Ki<1nM' (relation: '<'). Treating as exact value.
2026-07-17 03:20:54,400 WARNING protliggnn.train - Censored or approximate affinity label detected: 'Ki<2nM' (relation: '<'). Treating as exact value.
2026-07-17 03:20:54,401 WARNING protliggnn.train - Censored or approximate affinity label detected: 'Ki~10uM' (relation: '~'). Treating as exact value.
2026-07-17 03:20:54,401 WARNING protliggnn.train - Censored or approximate affinity label detected: 'Ki~14uM' (relation: '~'). Treating as exact value.
2026-07-17 03:20:54,401 WARNING protliggnn.train - Censored or approximate affinity label detected: 'Ki~50uM' (relation: '~'). Treating as exact value.
2026-07-17 03:20:54,401 WARNING protliggnn.train - Censored or approximate affinity label detected: 'IC50<1nM' (relation: '<'). Treating as exact value.
2026-07-17 03:20:54,401 WARNING protliggnn.train - Censored or approximate affinity label detected: 'IC50<4nM' (relation: '<'). Treating as exact value.
2026-07-17 03:20:54,404 WARNING protliggnn.train - Censored or approximate affinity label detected: 'IC50~10uM' (relation: '~'). Treating as exact value.
2026-07-17 03:20:54,404 WARNING protliggnn.train - Censored or approximate affinity label detected: 'IC50~10uM' (relation: '~'). Treating as exact value.
2026-07-17 03:20:54,404 WARNING protliggnn.train - Censored or approximate affinity label detected: 'IC50~1mM' (relation: '~'). Treating as exact value.
2026-07-17 03:20:54,404 WARNING protliggnn.train - Censored or approximate affinity label detected: 'IC50~30uM' (relation: '~'). Treating as exact value.
2026-07-17 03:20:54,404 WARNING protliggnn.train - Censored or approximate affinity label detected: 'IC50~30uM' (relation: '~'). Treating as exact value.
2026-07-17 03:20:54,404 WARNING protliggnn.train - Censored or approximate affinity label detected: 'IC50~38nM' (relation: '~'). Treating as exact value.
2026-07-17 03:20:54,404 WARNING protliggnn.train - Censored or approximate affinity label detected: 'Kd<0.003uM' (relation: '<'). Treating as exact value.
2026-07-17 03:20:54,404 WARNING protliggnn.train - Censored or approximate affinity label detected: 'Kd<1nM' (relation: '<'). Treating as exact value.
2026-07-17 03:20:54,407 WARNING protliggnn.train - Censored or approximate affinity label detected: 'Kd~1.7uM' (relation: '~'). Treating as exact value.
2026-07-17 03:20:54,407 WARNING protliggnn.train - Censored or approximate affinity label detected: 'Kd~200nM' (relation: '~'). Treating as exact value.
2026-07-17 03:20:56,251 WARNING protliggnn.train - Censored or approximate affinity label detected: 'Kd~200nM' (relation: '~'). Treating as exact value.
2026-07-17 03:20:56,251 WARNING protliggnn.train - Censored or approximate affinity label detected: 'Kd~3.6pM' (relation: '~'). Treating as exact value.
2026-07-17 03:20:56,251 WARNING protliggnn.train - Censored or approximate affinity label detected: 'Kd~400nM' (relation: '~'). Treating as exact value.
2026-07-17 03:20:56,251 WARNING protliggnn.train - Censored or approximate affinity label detected: 'Kd~51nM' (relation: '~'). Treating as exact value.
2026-07-17 03:20:56,252 WARNING protliggnn.train - Censored or approximate affinity label detected: 'Kd~9.6uM' (relation: '~'). Treating as exact value.
2026-07-17 03:20:56,252 WARNING protliggnn.train - Censored or approximate affinity label detected: 'Ki<0.01nM' (relation: '<'). Treating as exact value.
2026-07-17 03:20:56,252 WARNING protliggnn.train - Censored or approximate affinity label detected: 'Ki<0.0845uM' (relation: '<'). Treating as exact value.
2026-07-17 03:20:56,252 WARNING protliggnn.train - Censored or approximate affinity label detected: 'Ki<0.2nM' (relation: '<'). Treating as exact value.
2026-07-17 03:20:56,252 WARNING protliggnn.train - Censored or approximate affinity label detected: 'Ki<0.2nM' (relation: '<'). Treating as exact value.
2026-07-17 03:20:56,252 WARNING protliggnn.train - Censored or approximate affinity label detected: 'Ki<10mM' (relation: '<'). Treating as exact value.
2026-07-17 03:20:56,252 WARNING protliggnn.train - Censored or approximate affinity label detected: 'Ki<2mM' (relation: '<'). Treating as exact value.
2026-07-17 03:20:56,254 WARNING protliggnn.train - Censored or approximate affinity label detected: 'Ki~1.3uM' (relation: '~'). Treating as exact value.
2026-07-17 03:20:56,254 WARNING protliggnn.train - Censored or approximate affinity label detected: 'Ki~1.3uM' (relation: '~'). Treating as exact value.
2026-07-17 03:20:56,254 WARNING protliggnn.train - Censored or approximate affinity label detected: 'Ki~67uM' (relation: '~'). Treating as exact value.
2026-07-17 03:20:56,254 WARNING protliggnn.train - Censored or approximate affinity label detected: 'IC50<0.001uM' (relation: '<'). Treating as exact value.
2026-07-17 03:20:56,254 WARNING protliggnn.train - Censored or approximate affinity label detected: 'IC50<0.086uM' (relation: '<'). Treating as exact value.
2026-07-17 03:20:56,254 WARNING protliggnn.train - Censored or approximate affinity label detected: 'IC50<0.086uM' (relation: '<'). Treating as exact value.
2026-07-17 03:20:56,254 WARNING protliggnn.train - Censored or approximate affinity label detected: 'IC50<0.086uM' (relation: '<'). Treating as exact value.
2026-07-17 03:20:56,254 WARNING protliggnn.train - Censored or approximate affinity label detected: 'IC50<0.086uM' (relation: '<'). Treating as exact value.
2026-07-17 03:20:56,254 WARNING protliggnn.train - Censored or approximate affinity label detected: 'IC50<0.086uM' (relation: '<'). Treating as exact value.
2026-07-17 03:20:56,254 WARNING protliggnn.train - Censored or approximate affinity label detected: 'IC50<1.37uM' (relation: '<'). Treating as exact value.
2026-07-17 03:20:56,255 WARNING protliggnn.train - Censored or approximate affinity label detected: 'IC50<10nM' (relation: '<'). Treating as exact value.
2026-07-17 03:20:56,255 WARNING protliggnn.train - Censored or approximate affinity label detected: 'IC50<10uM' (relation: '<'). Treating as exact value.
2026-07-17 03:20:56,255 WARNING protliggnn.train - Censored or approximate affinity label detected: 'IC50<15nM' (relation: '<'). Treating as exact value.
2026-07-17 03:20:56,255 WARNING protliggnn.train - Censored or approximate affinity label detected: 'IC50<1nM' (relation: '<'). Treating as exact value.
2026-07-17 03:20:56,260 WARNING protliggnn.train - Censored or approximate affinity label detected: 'IC50~1.3mM' (relation: '~'). Treating as exact value.
2026-07-17 03:20:56,260 WARNING protliggnn.train - Censored or approximate affinity label detected: 'IC50~10000nM' (relation: '~'). Treating as exact value.
2026-07-17 03:20:57,885 WARNING protliggnn.train - Censored or approximate affinity label detected: 'IC50~33uM' (relation: '~'). Treating as exact value.
2026-07-17 03:20:57,885 WARNING protliggnn.train - Censored or approximate affinity label detected: 'IC50~4mM' (relation: '~'). Treating as exact value.
2026-07-17 03:20:57,885 WARNING protliggnn.train - Censored or approximate affinity label detected: 'Kd<0.03uM' (relation: '<'). Treating as exact value.
2026-07-17 03:20:57,885 WARNING protliggnn.train - Censored or approximate affinity label detected: 'Kd<0.05nM' (relation: '<'). Treating as exact value.
2026-07-17 03:20:57,885 WARNING protliggnn.train - Censored or approximate affinity label detected: 'Kd<10nM' (relation: '<'). Treating as exact value.
2026-07-17 03:20:57,885 WARNING protliggnn.train - Censored or approximate affinity label detected: 'Kd<1nM' (relation: '<'). Treating as exact value.
2026-07-17 03:20:57,885 WARNING protliggnn.train - Censored or approximate affinity label detected: 'Kd<1nM' (relation: '<'). Treating as exact value.
2026-07-17 03:20:57,886 WARNING protliggnn.train - Censored or approximate affinity label detected: 'Kd~185uM' (relation: '~'). Treating as exact value.
2026-07-17 03:20:57,887 WARNING protliggnn.train - Censored or approximate affinity label detected: 'Kd~23mM' (relation: '~'). Treating as exact value.
2026-07-17 03:20:57,887 WARNING protliggnn.train - Censored or approximate affinity label detected: 'Kd~2uM' (relation: '~'). Treating as exact value.
2026-07-17 03:20:57,887 WARNING protliggnn.train - Censored or approximate affinity label detected: 'Kd~300nM' (relation: '~'). Treating as exact value.
2026-07-17 03:20:57,887 WARNING protliggnn.train - Censored or approximate affinity label detected: 'Kd~364nM' (relation: '~'). Treating as exact value.
2026-07-17 03:20:57,887 WARNING protliggnn.train - Censored or approximate affinity label detected: 'Kd~8.11uM' (relation: '~'). Treating as exact value.
2026-07-17 03:20:57,887 WARNING protliggnn.train - Censored or approximate affinity label detected: 'Ki<0.0005uM' (relation: '<'). Treating as exact value.
2026-07-17 03:20:57,887 WARNING protliggnn.train - Censored or approximate affinity label detected: 'Ki<0.01nM' (relation: '<'). Treating as exact value.
2026-07-17 03:20:57,887 WARNING protliggnn.train - Censored or approximate affinity label detected: 'Ki<0.025nM' (relation: '<'). Treating as exact value.
2026-07-17 03:20:57,888 WARNING protliggnn.train - Censored or approximate affinity label detected: 'Ki~5uM' (relation: '~'). Treating as exact value.
2026-07-17 03:20:57,888 WARNING protliggnn.train - Censored or approximate affinity label detected: 'IC50<0.004uM' (relation: '<'). Treating as exact value.
2026-07-17 03:20:57,888 WARNING protliggnn.train - Censored or approximate affinity label detected: 'IC50<10nM' (relation: '<'). Treating as exact value.
2026-07-17 03:20:57,888 WARNING protliggnn.train - Censored or approximate affinity label detected: 'IC50<10nM' (relation: '<'). Treating as exact value.
2026-07-17 03:20:57,888 WARNING protliggnn.train - Censored or approximate affinity label detected: 'IC50<10nM' (relation: '<'). Treating as exact value.
2026-07-17 03:20:57,888 WARNING protliggnn.train - Censored or approximate affinity label detected: 'IC50<10nM' (relation: '<'). Treating as exact value.
2026-07-17 03:20:57,888 WARNING protliggnn.train - Censored or approximate affinity label detected: 'IC50<10nM' (relation: '<'). Treating as exact value.
2026-07-17 03:20:57,888 WARNING protliggnn.train - Censored or approximate affinity label detected: 'IC50<10nM' (relation: '<'). Treating as exact value.
2026-07-17 03:20:57,888 WARNING protliggnn.train - Censored or approximate affinity label detected: 'IC50<25nM' (relation: '<'). Treating as exact value.
2026-07-17 03:20:57,888 WARNING protliggnn.train - Censored or approximate affinity label detected: 'IC50<3nM' (relation: '<'). Treating as exact value.
2026-07-17 03:20:57,890 WARNING protliggnn.train - Censored or approximate affinity label detected: 'IC50~100uM' (relation: '~'). Treating as exact value.
2026-07-17 03:20:59,583 WARNING protliggnn.train - Censored or approximate affinity label detected: 'IC50~1mM' (relation: '~'). Treating as exact value.
2026-07-17 03:20:59,583 WARNING protliggnn.train - Censored or approximate affinity label detected: 'Kd<10nM' (relation: '<'). Treating as exact value.
2026-07-17 03:20:59,587 WARNING protliggnn.train - Censored or approximate affinity label detected: 'Kd~0.13uM' (relation: '~'). Treating as exact value.
2026-07-17 03:20:59,587 WARNING protliggnn.train - Censored or approximate affinity label detected: 'Kd~1.5uM' (relation: '~'). Treating as exact value.
2026-07-17 03:20:59,587 WARNING protliggnn.train - Censored or approximate affinity label detected: 'Kd~200uM' (relation: '~'). Treating as exact value.
2026-07-17 03:20:59,587 WARNING protliggnn.train - Censored or approximate affinity label detected: 'Kd~50uM' (relation: '~'). Treating as exact value.
2026-07-17 03:20:59,587 WARNING protliggnn.train - Censored or approximate affinity label detected: 'Ki<0.001uM' (relation: '<'). Treating as exact value.
2026-07-17 03:20:59,587 WARNING protliggnn.train - Censored or approximate affinity label detected: 'Ki<0.01nM' (relation: '<'). Treating as exact value.
2026-07-17 03:20:59,588 WARNING protliggnn.train - Censored or approximate affinity label detected: 'IC50<0.001uM' (relation: '<'). Treating as exact value.
2026-07-17 03:20:59,589 WARNING protliggnn.train - Censored or approximate affinity label detected: 'IC50<0.005uM' (relation: '<'). Treating as exact value.
2026-07-17 03:20:59,589 WARNING protliggnn.train - Censored or approximate affinity label detected: 'IC50<0.2uM' (relation: '<'). Treating as exact value.
2026-07-17 03:20:59,589 WARNING protliggnn.train - Censored or approximate affinity label detected: 'IC50<0.32nM' (relation: '<'). Treating as exact value.
2026-07-17 03:20:59,589 WARNING protliggnn.train - Censored or approximate affinity label detected: 'IC50<0.3nM' (relation: '<'). Treating as exact value.
2026-07-17 03:20:59,589 WARNING protliggnn.train - Censored or approximate affinity label detected: 'IC50<0.3nM' (relation: '<'). Treating as exact value.
2026-07-17 03:20:59,589 WARNING protliggnn.train - Censored or approximate affinity label detected: 'IC50<1.13nM' (relation: '<'). Treating as exact value.
2026-07-17 03:20:59,589 WARNING protliggnn.train - Censored or approximate affinity label detected: 'IC50<25nM' (relation: '<'). Treating as exact value.
2026-07-17 03:20:59,590 WARNING protliggnn.train - Censored or approximate affinity label detected: 'IC50<3nM' (relation: '<'). Treating as exact value.
2026-07-17 03:20:59,590 WARNING protliggnn.train - Censored or approximate affinity label detected: 'IC50<50nM' (relation: '<'). Treating as exact value.
2026-07-17 03:20:59,590 WARNING protliggnn.train - Censored or approximate affinity label detected: 'IC50<50nM' (relation: '<'). Treating as exact value.
2026-07-17 03:20:59,590 WARNING protliggnn.train - Censored or approximate affinity label detected: 'IC50<50nM' (relation: '<'). Treating as exact value.
2026-07-17 03:20:59,593 WARNING protliggnn.train - Censored or approximate affinity label detected: 'IC50~0.8mM' (relation: '~'). Treating as exact value.
2026-07-17 03:20:59,593 WARNING protliggnn.train - Censored or approximate affinity label detected: 'IC50~0.8mM' (relation: '~'). Treating as exact value.
2026-07-17 03:20:59,593 WARNING protliggnn.train - Censored or approximate affinity label detected: 'IC50~100uM' (relation: '~'). Treating as exact value.
2026-07-17 03:20:59,593 WARNING protliggnn.train - Censored or approximate affinity label detected: 'IC50~6nM' (relation: '~'). Treating as exact value.
2026-07-17 03:20:59,593 WARNING protliggnn.train - Censored or approximate affinity label detected: 'Kd<2nM' (relation: '<'). Treating as exact value.
2026-07-17 03:20:59,597 WARNING protliggnn.train - Censored or approximate affinity label detected: 'Kd~1.8uM' (relation: '~'). Treating as exact value.
2026-07-17 03:20:59,598 WARNING protliggnn.train - Censored or approximate affinity label detected: 'Kd~100nM' (relation: '~'). Treating as exact value.
2026-07-17 03:21:01,196 WARNING protliggnn.train - Censored or approximate affinity label detected: 'Kd~100nM' (relation: '~'). Treating as exact value.
2026-07-17 03:21:01,196 WARNING protliggnn.train - Censored or approximate affinity label detected: 'Kd~12uM' (relation: '~'). Treating as exact value.
2026-07-17 03:21:01,196 WARNING protliggnn.train - Censored or approximate affinity label detected: 'Kd~12uM' (relation: '~'). Treating as exact value.
2026-07-17 03:21:01,196 WARNING protliggnn.train - Censored or approximate affinity label detected: 'Kd~13uM' (relation: '~'). Treating as exact value.
2026-07-17 03:21:01,196 WARNING protliggnn.train - Censored or approximate affinity label detected: 'Kd~300nM' (relation: '~'). Treating as exact value.
2026-07-17 03:21:01,197 WARNING protliggnn.train - Censored or approximate affinity label detected: 'Kd~500uM' (relation: '~'). Treating as exact value.
2026-07-17 03:21:01,197 WARNING protliggnn.train - Censored or approximate affinity label detected: 'Kd~500uM' (relation: '~'). Treating as exact value.
2026-07-17 03:21:01,197 WARNING protliggnn.train - Censored or approximate affinity label detected: 'Kd~600uM' (relation: '~'). Treating as exact value.
2026-07-17 03:21:01,197 WARNING protliggnn.train - Censored or approximate affinity label detected: 'Kd~9uM' (relation: '~'). Treating as exact value.
2026-07-17 03:21:01,197 WARNING protliggnn.train - Censored or approximate affinity label detected: 'Ki<0.01uM' (relation: '<'). Treating as exact value.
2026-07-17 03:21:01,197 WARNING protliggnn.train - Censored or approximate affinity label detected: 'Ki<0.05nM' (relation: '<'). Treating as exact value.
2026-07-17 03:21:01,197 WARNING protliggnn.train - Censored or approximate affinity label detected: 'Ki<1nM' (relation: '<'). Treating as exact value.
2026-07-17 03:21:01,197 WARNING protliggnn.train - Censored or approximate affinity label detected: 'Ki<1nM' (relation: '<'). Treating as exact value.
2026-07-17 03:21:01,197 WARNING protliggnn.train - Censored or approximate affinity label detected: 'Ki<5nM' (relation: '<'). Treating as exact value.
2026-07-17 03:21:01,199 WARNING protliggnn.train - Censored or approximate affinity label detected: 'IC50<0.030uM' (relation: '<'). Treating as exact value.
2026-07-17 03:21:01,199 WARNING protliggnn.train - Censored or approximate affinity label detected: 'IC50<1nM' (relation: '<'). Treating as exact value.
2026-07-17 03:21:01,199 WARNING protliggnn.train - Censored or approximate affinity label detected: 'IC50<40nM' (relation: '<'). Treating as exact value.
2026-07-17 03:21:01,200 WARNING protliggnn.train - Censored or approximate affinity label detected: 'IC50<5nM' (relation: '<'). Treating as exact value.
2026-07-17 03:21:01,203 WARNING protliggnn.train - Censored or approximate affinity label detected: 'IC50~0.5uM' (relation: '~'). Treating as exact value.
2026-07-17 03:21:01,203 WARNING protliggnn.train - Censored or approximate affinity label detected: 'IC50~1.8uM' (relation: '~'). Treating as exact value.
2026-07-17 03:21:01,203 WARNING protliggnn.train - Censored or approximate affinity label detected: 'IC50~1mM' (relation: '~'). Treating as exact value.
2026-07-17 03:21:01,203 WARNING protliggnn.train - Censored or approximate affinity label detected: 'IC50~700nM' (relation: '~'). Treating as exact value.
2026-07-17 03:21:01,203 WARNING protliggnn.train - Censored or approximate affinity label detected: 'Kd<0.001nM' (relation: '<'). Treating as exact value.
2026-07-17 03:21:01,203 WARNING protliggnn.train - Censored or approximate affinity label detected: 'Kd<0.10uM' (relation: '<'). Treating as exact value.
2026-07-17 03:21:01,203 WARNING protliggnn.train - Censored or approximate affinity label detected: 'Kd<0.4uM' (relation: '<'). Treating as exact value.
2026-07-17 03:21:01,204 WARNING protliggnn.train - Censored or approximate affinity label detected: 'Kd<1nM' (relation: '<'). Treating as exact value.
2026-07-17 03:21:01,208 WARNING protliggnn.train - Censored or approximate affinity label detected: 'Kd~0.2uM' (relation: '~'). Treating as exact value.
2026-07-17 03:21:02,662 WARNING protliggnn.train - Censored or approximate affinity label detected: 'Kd~120nM' (relation: '~'). Treating as exact value.
2026-07-17 03:21:02,662 WARNING protliggnn.train - Censored or approximate affinity label detected: 'Kd~23uM' (relation: '~'). Treating as exact value.
2026-07-17 03:21:02,662 WARNING protliggnn.train - Censored or approximate affinity label detected: 'Kd~23uM' (relation: '~'). Treating as exact value.
2026-07-17 03:21:02,662 WARNING protliggnn.train - Censored or approximate affinity label detected: 'Kd~23uM' (relation: '~'). Treating as exact value.
2026-07-17 03:21:02,662 WARNING protliggnn.train - Censored or approximate affinity label detected: 'Kd~24uM' (relation: '~'). Treating as exact value.
2026-07-17 03:21:02,662 WARNING protliggnn.train - Censored or approximate affinity label detected: 'Kd~25uM' (relation: '~'). Treating as exact value.
2026-07-17 03:21:02,662 WARNING protliggnn.train - Censored or approximate affinity label detected: 'Kd~3nM' (relation: '~'). Treating as exact value.
2026-07-17 03:21:02,662 WARNING protliggnn.train - Censored or approximate affinity label detected: 'Kd~5uM' (relation: '~'). Treating as exact value.
2026-07-17 03:21:02,662 WARNING protliggnn.train - Censored or approximate affinity label detected: 'Kd~7nM' (relation: '~'). Treating as exact value.
2026-07-17 03:21:02,662 WARNING protliggnn.train - Censored or approximate affinity label detected: 'Kd~80uM' (relation: '~'). Treating as exact value.
2026-07-17 03:21:02,662 WARNING protliggnn.train - Censored or approximate affinity label detected: 'Ki<1.0nM' (relation: '<'). Treating as exact value.
2026-07-17 03:21:02,662 WARNING protliggnn.train - Censored or approximate affinity label detected: 'Ki<1.3nM' (relation: '<'). Treating as exact value.
2026-07-17 03:21:02,662 WARNING protliggnn.train - Censored or approximate affinity label detected: 'Ki<1nM' (relation: '<'). Treating as exact value.
2026-07-17 03:21:02,662 WARNING protliggnn.train - Censored or approximate affinity label detected: 'Ki<5pM' (relation: '<'). Treating as exact value.
2026-07-17 03:21:02,662 WARNING protliggnn.train - Censored or approximate affinity label detected: 'Ki<5pM' (relation: '<'). Treating as exact value.
2026-07-17 03:21:02,663 WARNING protliggnn.train - Censored or approximate affinity label detected: 'Ki<5pM' (relation: '<'). Treating as exact value.
2026-07-17 03:21:02,663 WARNING protliggnn.train - Censored or approximate affinity label detected: 'Ki<5pM' (relation: '<'). Treating as exact value.
2026-07-17 03:21:02,663 WARNING protliggnn.train - Censored or approximate affinity label detected: 'Ki<5pM' (relation: '<'). Treating as exact value.
2026-07-17 03:21:02,663 WARNING protliggnn.train - Censored or approximate affinity label detected: 'Ki<5pM' (relation: '<'). Treating as exact value.
2026-07-17 03:21:02,664 WARNING protliggnn.train - Censored or approximate affinity label detected: 'IC50<15nM' (relation: '<'). Treating as exact value.
2026-07-17 03:21:02,665 WARNING protliggnn.train - Censored or approximate affinity label detected: 'IC50<1nM' (relation: '<'). Treating as exact value.
2026-07-17 03:21:02,665 WARNING protliggnn.train - Censored or approximate affinity label detected: 'IC50<1nM' (relation: '<'). Treating as exact value.
2026-07-17 03:21:02,665 WARNING protliggnn.train - Censored or approximate affinity label detected: 'IC50<2nM' (relation: '<'). Treating as exact value.
2026-07-17 03:21:02,665 WARNING protliggnn.train - Censored or approximate affinity label detected: 'IC50<2nM' (relation: '<'). Treating as exact value.
2026-07-17 03:21:02,665 WARNING protliggnn.train - Censored or approximate affinity label detected: 'IC50<2nM' (relation: '<'). Treating as exact value.
2026-07-17 03:21:02,668 WARNING protliggnn.train - Censored or approximate affinity label detected: 'IC50~330uM' (relation: '~'). Treating as exact value.
2026-07-17 03:21:02,668 WARNING protliggnn.train - Censored or approximate affinity label detected: 'IC50~450uM' (relation: '~'). Treating as exact value.
2026-07-17 03:21:04,091 WARNING protliggnn.train - Censored or approximate affinity label detected: 'Kd<0.8nM' (relation: '<'). Treating as exact value.
2026-07-17 03:21:04,091 WARNING protliggnn.train - Censored or approximate affinity label detected: 'Kd<1.26nM' (relation: '<'). Treating as exact value.
2026-07-17 03:21:04,092 WARNING protliggnn.train - Censored or approximate affinity label detected: 'Kd<2.3nM' (relation: '<'). Treating as exact value.
2026-07-17 03:21:04,092 WARNING protliggnn.train - Censored or approximate affinity label detected: 'Kd<55uM' (relation: '<'). Treating as exact value.
2026-07-17 03:21:04,092 WARNING protliggnn.train - Censored or approximate affinity label detected: 'Kd<55uM' (relation: '<'). Treating as exact value.
2026-07-17 03:21:04,097 WARNING protliggnn.train - Censored or approximate affinity label detected: 'Kd~11uM' (relation: '~'). Treating as exact value.
2026-07-17 03:21:04,097 WARNING protliggnn.train - Censored or approximate affinity label detected: 'Kd~200nM' (relation: '~'). Treating as exact value.
2026-07-17 03:21:04,097 WARNING protliggnn.train - Censored or approximate affinity label detected: 'Kd~25uM' (relation: '~'). Treating as exact value.
2026-07-17 03:21:04,097 WARNING protliggnn.train - Censored or approximate affinity label detected: 'Kd~2nM' (relation: '~'). Treating as exact value.
2026-07-17 03:21:04,097 WARNING protliggnn.train - Censored or approximate affinity label detected: 'Ki<0.005nM' (relation: '<'). Treating as exact value.
2026-07-17 03:21:04,097 WARNING protliggnn.train - Censored or approximate affinity label detected: 'Ki<0.005nM' (relation: '<'). Treating as exact value.
2026-07-17 03:21:04,097 WARNING protliggnn.train - Censored or approximate affinity label detected: 'Ki<0.005nM' (relation: '<'). Treating as exact value.
2026-07-17 03:21:04,097 WARNING protliggnn.train - Censored or approximate affinity label detected: 'Ki<0.9nM' (relation: '<'). Treating as exact value.
2026-07-17 03:21:05,850 INFO protliggnn - Found 1000 candidate complexes with labels and matching files before validation.
2026-07-17 03:21:05,857 INFO protliggnn - Found graph cache at data\pdbbind2020\processed_dataset.pt. Validating...
2026-07-17 03:21:05,922 INFO protliggnn - Loading graphs from cache file...
2026-07-17 03:21:06,324 INFO protliggnn - Cache successfully validated. Loaded 1000 pre-built graphs.
2026-07-17 03:21:06,332 INFO protliggnn - Dataset split sizes: train=800 val=100 test=100 (random)
2026-07-17 03:22:09,223 INFO protliggnn - Epoch 001 train loss=5.3421 PCC=-0.0018 Spearman=0.0078 RMSE=2.3095 MAE=1.8038 R2=-0.7715
2026-07-17 03:22:09,223 INFO protliggnn - Epoch 001 val loss=3.7285 PCC=0.2985 Spearman=0.3378 RMSE=1.9291 MAE=1.5904 R2=-0.1114
2026-07-17 03:22:09,223 INFO protliggnn - Epoch 001 train diagnostics: Affinity Loss=5.3339 | Contact Loss=0.0517 | Total Loss=5.3421 | Pos Acc=0.0023 | Neg Acc=0.9973 | Precision=0.0047 | Recall=0.0023 | F1=0.0031 | Avg Prob=0.0144
2026-07-17 03:22:09,224 INFO protliggnn - Epoch 001 val diagnostics: Affinity Loss=3.7212 | Contact Loss=0.0516 | Total Loss=3.7285 | Pos Acc=0.0000 | Neg Acc=1.0000 | Precision=0.0000 | Recall=0.0000 | F1=0.0000 | Avg Prob=0.0085
2026-07-17 03:22:09,321 INFO protliggnn - Saved checkpoint for epoch 1 with validation RMSE 1.929053168880813.
2026-07-17 03:23:04,244 INFO protliggnn - Epoch 002 train loss=3.7281 PCC=0.0820 Spearman=0.0623 RMSE=1.9291 MAE=1.5738 R2=-0.2360
2026-07-17 03:23:04,244 INFO protliggnn - Epoch 002 val loss=3.1675 PCC=0.3273 Spearman=0.3462 RMSE=1.7778 MAE=1.4338 R2=0.0560
2026-07-17 03:23:04,244 INFO protliggnn - Epoch 002 train diagnostics: Affinity Loss=3.7215 | Contact Loss=0.0460 | Total Loss=3.7281 | Pos Acc=0.0000 | Neg Acc=1.0000 | Precision=0.0000 | Recall=0.0000 | F1=0.0000 | Avg Prob=0.0080
2026-07-17 03:23:04,244 INFO protliggnn - Epoch 002 val diagnostics: Affinity Loss=3.1605 | Contact Loss=0.0519 | Total Loss=3.1675 | Pos Acc=0.0000 | Neg Acc=1.0000 | Precision=0.0000 | Recall=0.0000 | F1=0.0000 | Avg Prob=0.0068
2026-07-17 03:23:04,349 INFO protliggnn - Saved checkpoint for epoch 2 with validation RMSE 1.7777734550847455.
2026-07-17 03:23:48,487 INFO protliggnn - Epoch 003 train loss=3.4689 PCC=0.1456 Spearman=0.1641 RMSE=1.8608 MAE=1.4844 R2=-0.1500
2026-07-17 03:23:48,487 INFO protliggnn - Epoch 003 val loss=2.8776 PCC=0.4141 Spearman=0.4227 RMSE=1.6944 MAE=1.3541 R2=0.1425
2026-07-17 03:23:48,487 INFO protliggnn - Epoch 003 train diagnostics: Affinity Loss=3.4626 | Contact Loss=0.0459 | Total Loss=3.4689 | Pos Acc=0.0000 | Neg Acc=1.0000 | Precision=0.0000 | Recall=0.0000 | F1=0.0000 | Avg Prob=0.0079
2026-07-17 03:23:48,487 INFO protliggnn - Epoch 003 val diagnostics: Affinity Loss=2.8709 | Contact Loss=0.0514 | Total Loss=2.8776 | Pos Acc=0.0000 | Neg Acc=1.0000 | Precision=0.0000 | Recall=0.0000 | F1=0.0000 | Avg Prob=0.0083
2026-07-17 03:23:48,596 INFO protliggnn - Saved checkpoint for epoch 3 with validation RMSE 1.6943628836682925.
2026-07-17 03:24:28,604 INFO protliggnn - Epoch 004 train loss=3.0630 PCC=0.2459 Spearman=0.2513 RMSE=1.7484 MAE=1.3948 R2=-0.0152
2026-07-17 03:24:28,604 INFO protliggnn - Epoch 004 val loss=2.6601 PCC=0.4761 Spearman=0.4665 RMSE=1.6290 MAE=1.2896 R2=0.2075
2026-07-17 03:24:28,604 INFO protliggnn - Epoch 004 train diagnostics: Affinity Loss=3.0569 | Contact Loss=0.0456 | Total Loss=3.0630 | Pos Acc=0.0000 | Neg Acc=1.0000 | Precision=0.0000 | Recall=0.0000 | F1=0.0000 | Avg Prob=0.0081
2026-07-17 03:24:28,605 INFO protliggnn - Epoch 004 val diagnostics: Affinity Loss=2.6536 | Contact Loss=0.0511 | Total Loss=2.6601 | Pos Acc=0.0000 | Neg Acc=1.0000 | Precision=0.0000 | Recall=0.0000 | F1=0.0000 | Avg Prob=0.0095
2026-07-17 03:24:28,705 INFO protliggnn - Saved checkpoint for epoch 4 with validation RMSE 1.6289736373743045.
2026-07-17 03:25:08,399 INFO protliggnn - Epoch 005 train loss=2.9670 PCC=0.3254 Spearman=0.3232 RMSE=1.7207 MAE=1.3644 R2=0.0166
2026-07-17 03:25:08,399 INFO protliggnn - Epoch 005 val loss=3.2220 PCC=0.5054 Spearman=0.4892 RMSE=1.7932 MAE=1.3993 R2=0.0396
2026-07-17 03:25:08,399 INFO protliggnn - Epoch 005 train diagnostics: Affinity Loss=2.9610 | Contact Loss=0.0456 | Total Loss=2.9670 | Pos Acc=0.0000 | Neg Acc=1.0000 | Precision=0.0000 | Recall=0.0000 | F1=0.0000 | Avg Prob=0.0080
2026-07-17 03:25:08,399 INFO protliggnn - Epoch 005 val diagnostics: Affinity Loss=3.2155 | Contact Loss=0.0514 | Total Loss=3.2220 | Pos Acc=0.0000 | Neg Acc=1.0000 | Precision=0.0000 | Recall=0.0000 | F1=0.0000 | Avg Prob=0.0072
2026-07-17 03:25:47,430 INFO protliggnn - Epoch 006 train loss=3.2146 PCC=0.2552 Spearman=0.2602 RMSE=1.7913 MAE=1.4181 R2=-0.0657
2026-07-17 03:25:47,430 INFO protliggnn - Epoch 006 val loss=2.5274 PCC=0.5025 Spearman=0.4762 RMSE=1.5878 MAE=1.2993 R2=0.2470
2026-07-17 03:25:47,430 INFO protliggnn - Epoch 006 train diagnostics: Affinity Loss=3.2088 | Contact Loss=0.0454 | Total Loss=3.2146 | Pos Acc=0.0000 | Neg Acc=1.0000 | Precision=0.0000 | Recall=0.0000 | F1=0.0000 | Avg Prob=0.0079
2026-07-17 03:25:47,430 INFO protliggnn - Epoch 006 val diagnostics: Affinity Loss=2.5211 | Contact Loss=0.0517 | Total Loss=2.5274 | Pos Acc=0.0000 | Neg Acc=1.0000 | Precision=0.0000 | Recall=0.0000 | F1=0.0000 | Avg Prob=0.0061
2026-07-17 03:25:47,518 INFO protliggnn - Saved checkpoint for epoch 6 with validation RMSE 1.587788833589459.
2026-07-17 03:26:26,449 INFO protliggnn - Epoch 007 train loss=2.8675 PCC=0.3728 Spearman=0.3695 RMSE=1.6917 MAE=1.3620 R2=0.0496
2026-07-17 03:26:26,450 INFO protliggnn - Epoch 007 val loss=3.2666 PCC=0.4732 Spearman=0.3960 RMSE=1.8056 MAE=1.4228 R2=0.0262
2026-07-17 03:26:26,450 INFO protliggnn - Epoch 007 train diagnostics: Affinity Loss=2.8618 | Contact Loss=0.0454 | Total Loss=2.8675 | Pos Acc=0.0000 | Neg Acc=1.0000 | Precision=0.0000 | Recall=0.0000 | F1=0.0000 | Avg Prob=0.0078
2026-07-17 03:26:26,450 INFO protliggnn - Epoch 007 val diagnostics: Affinity Loss=3.2603 | Contact Loss=0.0519 | Total Loss=3.2666 | Pos Acc=0.0000 | Neg Acc=1.0000 | Precision=0.0000 | Recall=0.0000 | F1=0.0000 | Avg Prob=0.0059
2026-07-17 03:27:06,194 INFO protliggnn - Epoch 008 train loss=3.1007 PCC=0.2929 Spearman=0.2911 RMSE=1.7593 MAE=1.4172 R2=-0.0279
2026-07-17 03:27:06,194 INFO protliggnn - Epoch 008 val loss=3.1452 PCC=0.4311 Spearman=0.4746 RMSE=1.7717 MAE=1.3040 R2=0.0624
2026-07-17 03:27:06,194 INFO protliggnn - Epoch 008 train diagnostics: Affinity Loss=3.0951 | Contact Loss=0.0454 | Total Loss=3.1007 | Pos Acc=0.0000 | Neg Acc=1.0000 | Precision=0.0000 | Recall=0.0000 | F1=0.0000 | Avg Prob=0.0080
2026-07-17 03:27:06,194 INFO protliggnn - Epoch 008 val diagnostics: Affinity Loss=3.1391 | Contact Loss=0.0513 | Total Loss=3.1452 | Pos Acc=0.0000 | Neg Acc=1.0000 | Precision=0.0000 | Recall=0.0000 | F1=0.0000 | Avg Prob=0.0068
2026-07-17 03:27:45,836 INFO protliggnn - Epoch 009 train loss=3.1606 PCC=0.3061 Spearman=0.3019 RMSE=1.7763 MAE=1.4193 R2=-0.0478
2026-07-17 03:27:45,836 INFO protliggnn - Epoch 009 val loss=2.7031 PCC=0.5461 Spearman=0.5262 RMSE=1.6423 MAE=1.3613 R2=0.1944
2026-07-17 03:27:45,836 INFO protliggnn - Epoch 009 train diagnostics: Affinity Loss=3.1551 | Contact Loss=0.0455 | Total Loss=3.1606 | Pos Acc=0.0000 | Neg Acc=1.0000 | Precision=0.0000 | Recall=0.0000 | F1=0.0000 | Avg Prob=0.0078
2026-07-17 03:27:45,836 INFO protliggnn - Epoch 009 val diagnostics: Affinity Loss=2.6971 | Contact Loss=0.0515 | Total Loss=2.7031 | Pos Acc=0.0000 | Neg Acc=1.0000 | Precision=0.0000 | Recall=0.0000 | F1=0.0000 | Avg Prob=0.0062
2026-07-17 03:28:24,997 INFO protliggnn - Epoch 010 train loss=2.8029 PCC=0.3841 Spearman=0.3798 RMSE=1.6726 MAE=1.3374 R2=0.0709
2026-07-17 03:28:24,997 INFO protliggnn - Epoch 010 val loss=2.4419 PCC=0.5474 Spearman=0.4883 RMSE=1.5608 MAE=1.2616 R2=0.2724
2026-07-17 03:28:24,997 INFO protliggnn - Epoch 010 train diagnostics: Affinity Loss=2.7975 | Contact Loss=0.0453 | Total Loss=2.8029 | Pos Acc=0.0000 | Neg Acc=1.0000 | Precision=0.0000 | Recall=0.0000 | F1=0.0000 | Avg Prob=0.0078
2026-07-17 03:28:24,997 INFO protliggnn - Epoch 010 val diagnostics: Affinity Loss=2.4360 | Contact Loss=0.0508 | Total Loss=2.4419 | Pos Acc=0.0000 | Neg Acc=1.0000 | Precision=0.0000 | Recall=0.0000 | F1=0.0000 | Avg Prob=0.0089
2026-07-17 03:28:25,097 INFO protliggnn - Saved checkpoint for epoch 10 with validation RMSE 1.5607627543509284.
2026-07-17 03:29:04,596 INFO protliggnn - Epoch 011 train loss=2.8361 PCC=0.3893 Spearman=0.3819 RMSE=1.6825 MAE=1.3342 R2=0.0599
2026-07-17 03:29:04,597 INFO protliggnn - Epoch 011 val loss=2.9042 PCC=0.4937 Spearman=0.4679 RMSE=1.7025 MAE=1.3495 R2=0.1343
2026-07-17 03:29:04,597 INFO protliggnn - Epoch 011 train diagnostics: Affinity Loss=2.8307 | Contact Loss=0.0452 | Total Loss=2.8361 | Pos Acc=0.0000 | Neg Acc=1.0000 | Precision=0.0000 | Recall=0.0000 | F1=0.0000 | Avg Prob=0.0076
2026-07-17 03:29:04,597 INFO protliggnn - Epoch 011 val diagnostics: Affinity Loss=2.8983 | Contact Loss=0.0509 | Total Loss=2.9042 | Pos Acc=0.0000 | Neg Acc=1.0000 | Precision=0.0000 | Recall=0.0000 | F1=0.0000 | Avg Prob=0.0071
2026-07-17 03:29:44,350 INFO protliggnn - Epoch 012 train loss=2.7943 PCC=0.3895 Spearman=0.3655 RMSE=1.6700 MAE=1.3460 R2=0.0738
2026-07-17 03:29:44,350 INFO protliggnn - Epoch 012 val loss=2.7115 PCC=0.5434 Spearman=0.4986 RMSE=1.6449 MAE=1.3083 R2=0.1919
2026-07-17 03:29:44,350 INFO protliggnn - Epoch 012 train diagnostics: Affinity Loss=2.7890 | Contact Loss=0.0453 | Total Loss=2.7943 | Pos Acc=0.0001 | Neg Acc=1.0000 | Precision=0.0345 | Recall=0.0001 | F1=0.0002 | Avg Prob=0.0076
2026-07-17 03:29:44,350 INFO protliggnn - Epoch 012 val diagnostics: Affinity Loss=2.7056 | Contact Loss=0.0510 | Total Loss=2.7115 | Pos Acc=0.0000 | Neg Acc=1.0000 | Precision=0.0000 | Recall=0.0000 | F1=0.0000 | Avg Prob=0.0079
2026-07-17 03:30:23,954 INFO protliggnn - Epoch 013 train loss=2.7821 PCC=0.4007 Spearman=0.3713 RMSE=1.6664 MAE=1.3414 R2=0.0778
2026-07-17 03:30:23,954 INFO protliggnn - Epoch 013 val loss=2.4784 PCC=0.5179 Spearman=0.4841 RMSE=1.5724 MAE=1.2856 R2=0.2615
2026-07-17 03:30:23,955 INFO protliggnn - Epoch 013 train diagnostics: Affinity Loss=2.7768 | Contact Loss=0.0452 | Total Loss=2.7821 | Pos Acc=0.0000 | Neg Acc=1.0000 | Precision=0.0000 | Recall=0.0000 | F1=0.0000 | Avg Prob=0.0078
2026-07-17 03:30:23,955 INFO protliggnn - Epoch 013 val diagnostics: Affinity Loss=2.4726 | Contact Loss=0.0515 | Total Loss=2.4784 | Pos Acc=0.0000 | Neg Acc=1.0000 | Precision=0.0000 | Recall=0.0000 | F1=0.0000 | Avg Prob=0.0059
2026-07-17 03:31:03,270 INFO protliggnn - Epoch 014 train loss=2.6755 PCC=0.4262 Spearman=0.4176 RMSE=1.6341 MAE=1.3051 R2=0.1132
2026-07-17 03:31:03,270 INFO protliggnn - Epoch 014 val loss=2.5046 PCC=0.5533 Spearman=0.5230 RMSE=1.5807 MAE=1.3302 R2=0.2537
2026-07-17 03:31:03,270 INFO protliggnn - Epoch 014 train diagnostics: Affinity Loss=2.6702 | Contact Loss=0.0451 | Total Loss=2.6755 | Pos Acc=0.0000 | Neg Acc=1.0000 | Precision=0.0000 | Recall=0.0000 | F1=0.0000 | Avg Prob=0.0076
2026-07-17 03:31:03,270 INFO protliggnn - Epoch 014 val diagnostics: Affinity Loss=2.4987 | Contact Loss=0.0512 | Total Loss=2.5046 | Pos Acc=0.0000 | Neg Acc=1.0000 | Precision=0.0000 | Recall=0.0000 | F1=0.0000 | Avg Prob=0.0072
2026-07-17 03:31:42,477 INFO protliggnn - Epoch 015 train loss=2.7032 PCC=0.4392 Spearman=0.4202 RMSE=1.6425 MAE=1.3373 R2=0.1040
2026-07-17 03:31:42,477 INFO protliggnn - Epoch 015 val loss=2.4247 PCC=0.5407 Spearman=0.5073 RMSE=1.5553 MAE=1.2726 R2=0.2775
2026-07-17 03:31:42,478 INFO protliggnn - Epoch 015 train diagnostics: Affinity Loss=2.6980 | Contact Loss=0.0452 | Total Loss=2.7032 | Pos Acc=0.0000 | Neg Acc=1.0000 | Precision=0.0000 | Recall=0.0000 | F1=0.0000 | Avg Prob=0.0076
2026-07-17 03:31:42,478 INFO protliggnn - Epoch 015 val diagnostics: Affinity Loss=2.4189 | Contact Loss=0.0511 | Total Loss=2.4247 | Pos Acc=0.0000 | Neg Acc=1.0000 | Precision=0.0000 | Recall=0.0000 | F1=0.0000 | Avg Prob=0.0087
2026-07-17 03:31:42,593 INFO protliggnn - Saved checkpoint for epoch 15 with validation RMSE 1.5552886720268428.
2026-07-17 03:32:22,037 INFO protliggnn - Epoch 016 train loss=2.7227 PCC=0.4286 Spearman=0.3875 RMSE=1.6485 MAE=1.3260 R2=0.0975
2026-07-17 03:32:22,038 INFO protliggnn - Epoch 016 val loss=2.7329 PCC=0.5273 Spearman=0.4766 RMSE=1.6514 MAE=1.2980 R2=0.1855
2026-07-17 03:32:22,038 INFO protliggnn - Epoch 016 train diagnostics: Affinity Loss=2.7175 | Contact Loss=0.0455 | Total Loss=2.7227 | Pos Acc=0.0000 | Neg Acc=1.0000 | Precision=0.0000 | Recall=0.0000 | F1=0.0000 | Avg Prob=0.0076
2026-07-17 03:32:22,038 INFO protliggnn - Epoch 016 val diagnostics: Affinity Loss=2.7271 | Contact Loss=0.0519 | Total Loss=2.7329 | Pos Acc=0.0000 | Neg Acc=1.0000 | Precision=0.0000 | Recall=0.0000 | F1=0.0000 | Avg Prob=0.0091
2026-07-17 03:33:01,232 INFO protliggnn - Epoch 017 train loss=2.4780 PCC=0.4828 Spearman=0.4712 RMSE=1.5725 MAE=1.2376 R2=0.1787
2026-07-17 03:33:01,233 INFO protliggnn - Epoch 017 val loss=3.1695 PCC=0.5074 Spearman=0.4694 RMSE=1.7787 MAE=1.3893 R2=0.0551
2026-07-17 03:33:01,233 INFO protliggnn - Epoch 017 train diagnostics: Affinity Loss=2.4729 | Contact Loss=0.0456 | Total Loss=2.4780 | Pos Acc=0.0000 | Neg Acc=1.0000 | Precision=0.0000 | Recall=0.0000 | F1=0.0000 | Avg Prob=0.0078
2026-07-17 03:33:01,233 INFO protliggnn - Epoch 017 val diagnostics: Affinity Loss=3.1638 | Contact Loss=0.0510 | Total Loss=3.1695 | Pos Acc=0.0000 | Neg Acc=1.0000 | Precision=0.0000 | Recall=0.0000 | F1=0.0000 | Avg Prob=0.0091
2026-07-17 03:33:40,711 INFO protliggnn - Epoch 018 train loss=2.4836 PCC=0.5052 Spearman=0.4653 RMSE=1.5743 MAE=1.2549 R2=0.1769
2026-07-17 03:33:40,711 INFO protliggnn - Epoch 018 val loss=2.5659 PCC=0.5436 Spearman=0.4934 RMSE=1.6001 MAE=1.3326 R2=0.2353
2026-07-17 03:33:40,711 INFO protliggnn - Epoch 018 train diagnostics: Affinity Loss=2.4785 | Contact Loss=0.0455 | Total Loss=2.4836 | Pos Acc=0.0000 | Neg Acc=1.0000 | Precision=0.0000 | Recall=0.0000 | F1=0.0000 | Avg Prob=0.0076
2026-07-17 03:33:40,712 INFO protliggnn - Epoch 018 val diagnostics: Affinity Loss=2.5602 | Contact Loss=0.0513 | Total Loss=2.5659 | Pos Acc=0.0000 | Neg Acc=1.0000 | Precision=0.0000 | Recall=0.0000 | F1=0.0000 | Avg Prob=0.0107
2026-07-17 03:34:19,344 INFO protliggnn - Epoch 019 train loss=2.3436 PCC=0.5160 Spearman=0.5045 RMSE=1.5292 MAE=1.2136 R2=0.2234
2026-07-17 03:34:19,344 INFO protliggnn - Epoch 019 val loss=2.6412 PCC=0.5174 Spearman=0.4686 RMSE=1.6234 MAE=1.2983 R2=0.2128
2026-07-17 03:34:19,344 INFO protliggnn - Epoch 019 train diagnostics: Affinity Loss=2.3385 | Contact Loss=0.0454 | Total Loss=2.3436 | Pos Acc=0.0000 | Neg Acc=1.0000 | Precision=0.0000 | Recall=0.0000 | F1=0.0000 | Avg Prob=0.0077
2026-07-17 03:34:19,344 INFO protliggnn - Epoch 019 val diagnostics: Affinity Loss=2.6356 | Contact Loss=0.0512 | Total Loss=2.6412 | Pos Acc=0.0000 | Neg Acc=1.0000 | Precision=0.0000 | Recall=0.0000 | F1=0.0000 | Avg Prob=0.0077
2026-07-17 03:34:57,990 INFO protliggnn - Epoch 020 train loss=2.5810 PCC=0.4809 Spearman=0.4521 RMSE=1.6049 MAE=1.2895 R2=0.1445
2026-07-17 03:34:57,990 INFO protliggnn - Epoch 020 val loss=3.0635 PCC=0.5024 Spearman=0.4417 RMSE=1.7487 MAE=1.4440 R2=0.0867
2026-07-17 03:34:57,990 INFO protliggnn - Epoch 020 train diagnostics: Affinity Loss=2.5758 | Contact Loss=0.0455 | Total Loss=2.5810 | Pos Acc=0.0000 | Neg Acc=1.0000 | Precision=0.0000 | Recall=0.0000 | F1=0.0000 | Avg Prob=0.0075
2026-07-17 03:34:57,990 INFO protliggnn - Epoch 020 val diagnostics: Affinity Loss=3.0579 | Contact Loss=0.0510 | Total Loss=3.0635 | Pos Acc=0.0000 | Neg Acc=1.0000 | Precision=0.0000 | Recall=0.0000 | F1=0.0000 | Avg Prob=0.0078
2026-07-17 03:35:37,363 INFO protliggnn - Epoch 021 train loss=2.5972 PCC=0.4598 Spearman=0.4406 RMSE=1.6100 MAE=1.2778 R2=0.1391
2026-07-17 03:35:37,363 INFO protliggnn - Epoch 021 val loss=2.3767 PCC=0.5708 Spearman=0.5078 RMSE=1.5399 MAE=1.2320 R2=0.2918
2026-07-17 03:35:37,364 INFO protliggnn - Epoch 021 train diagnostics: Affinity Loss=2.5922 | Contact Loss=0.0456 | Total Loss=2.5972 | Pos Acc=0.0000 | Neg Acc=1.0000 | Precision=0.0000 | Recall=0.0000 | F1=0.0000 | Avg Prob=0.0077
2026-07-17 03:35:37,364 INFO protliggnn - Epoch 021 val diagnostics: Affinity Loss=2.3711 | Contact Loss=0.0514 | Total Loss=2.3767 | Pos Acc=0.0000 | Neg Acc=1.0000 | Precision=0.0000 | Recall=0.0000 | F1=0.0000 | Avg Prob=0.0064
2026-07-17 03:35:37,452 INFO protliggnn - Saved checkpoint for epoch 21 with validation RMSE 1.5398520009787127.
2026-07-17 03:36:17,185 INFO protliggnn - Epoch 022 train loss=2.3899 PCC=0.5098 Spearman=0.4892 RMSE=1.5443 MAE=1.2205 R2=0.2080
2026-07-17 03:36:17,185 INFO protliggnn - Epoch 022 val loss=2.3972 PCC=0.5702 Spearman=0.4827 RMSE=1.5465 MAE=1.2490 R2=0.2857
2026-07-17 03:36:17,185 INFO protliggnn - Epoch 022 train diagnostics: Affinity Loss=2.3848 | Contact Loss=0.0454 | Total Loss=2.3899 | Pos Acc=0.0000 | Neg Acc=1.0000 | Precision=0.0000 | Recall=0.0000 | F1=0.0000 | Avg Prob=0.0076
2026-07-17 03:36:17,185 INFO protliggnn - Epoch 022 val diagnostics: Affinity Loss=2.3916 | Contact Loss=0.0514 | Total Loss=2.3972 | Pos Acc=0.0000 | Neg Acc=1.0000 | Precision=0.0000 | Recall=0.0000 | F1=0.0000 | Avg Prob=0.0066
2026-07-17 03:36:56,667 INFO protliggnn - Epoch 023 train loss=2.2294 PCC=0.5594 Spearman=0.5286 RMSE=1.4914 MAE=1.1848 R2=0.2613
2026-07-17 03:36:56,667 INFO protliggnn - Epoch 023 val loss=2.3348 PCC=0.6223 Spearman=0.5770 RMSE=1.5262 MAE=1.1998 R2=0.3043
2026-07-17 03:36:56,667 INFO protliggnn - Epoch 023 train diagnostics: Affinity Loss=2.2244 | Contact Loss=0.0454 | Total Loss=2.2294 | Pos Acc=0.0000 | Neg Acc=1.0000 | Precision=0.0000 | Recall=0.0000 | F1=0.0000 | Avg Prob=0.0075
2026-07-17 03:36:56,667 INFO protliggnn - Epoch 023 val diagnostics: Affinity Loss=2.3292 | Contact Loss=0.0510 | Total Loss=2.3348 | Pos Acc=0.0000 | Neg Acc=1.0000 | Precision=0.0000 | Recall=0.0000 | F1=0.0000 | Avg Prob=0.0084
2026-07-17 03:36:56,759 INFO protliggnn - Saved checkpoint for epoch 23 with validation RMSE 1.5261795505933602.
2026-07-17 03:37:35,612 INFO protliggnn - Epoch 024 train loss=2.4850 PCC=0.4953 Spearman=0.4707 RMSE=1.5748 MAE=1.2448 R2=0.1763
2026-07-17 03:37:35,612 INFO protliggnn - Epoch 024 val loss=3.1359 PCC=0.5483 Spearman=0.4896 RMSE=1.7693 MAE=1.4286 R2=0.0651
2026-07-17 03:37:35,612 INFO protliggnn - Epoch 024 train diagnostics: Affinity Loss=2.4800 | Contact Loss=0.0453 | Total Loss=2.4850 | Pos Acc=0.0000 | Neg Acc=1.0000 | Precision=0.0000 | Recall=0.0000 | F1=0.0000 | Avg Prob=0.0077
2026-07-17 03:37:35,612 INFO protliggnn - Epoch 024 val diagnostics: Affinity Loss=3.1303 | Contact Loss=0.0520 | Total Loss=3.1359 | Pos Acc=0.0000 | Neg Acc=1.0000 | Precision=0.0000 | Recall=0.0000 | F1=0.0000 | Avg Prob=0.0052
2026-07-17 03:38:14,724 INFO protliggnn - Epoch 025 train loss=2.4995 PCC=0.4997 Spearman=0.4861 RMSE=1.5794 MAE=1.2621 R2=0.1716
2026-07-17 03:38:14,724 INFO protliggnn - Epoch 025 val loss=3.3406 PCC=0.5733 Spearman=0.5039 RMSE=1.8262 MAE=1.4591 R2=0.0039
2026-07-17 03:38:14,724 INFO protliggnn - Epoch 025 train diagnostics: Affinity Loss=2.4945 | Contact Loss=0.0455 | Total Loss=2.4995 | Pos Acc=0.0000 | Neg Acc=1.0000 | Precision=0.0000 | Recall=0.0000 | F1=0.0000 | Avg Prob=0.0074
2026-07-17 03:38:14,724 INFO protliggnn - Epoch 025 val diagnostics: Affinity Loss=3.3351 | Contact Loss=0.0511 | Total Loss=3.3406 | Pos Acc=0.0000 | Neg Acc=1.0000 | Precision=0.0000 | Recall=0.0000 | F1=0.0000 | Avg Prob=0.0076
2026-07-17 03:38:54,536 INFO protliggnn - Epoch 026 train loss=2.3502 PCC=0.5316 Spearman=0.5138 RMSE=1.5314 MAE=1.2152 R2=0.2211
2026-07-17 03:38:54,536 INFO protliggnn - Epoch 026 val loss=2.7539 PCC=0.6129 Spearman=0.5539 RMSE=1.6578 MAE=1.3257 R2=0.1791
2026-07-17 03:38:54,536 INFO protliggnn - Epoch 026 train diagnostics: Affinity Loss=2.3453 | Contact Loss=0.0452 | Total Loss=2.3502 | Pos Acc=0.0000 | Neg Acc=1.0000 | Precision=0.0000 | Recall=0.0000 | F1=0.0000 | Avg Prob=0.0074
2026-07-17 03:38:54,536 INFO protliggnn - Epoch 026 val diagnostics: Affinity Loss=2.7484 | Contact Loss=0.0511 | Total Loss=2.7539 | Pos Acc=0.0000 | Neg Acc=1.0000 | Precision=0.0000 | Recall=0.0000 | F1=0.0000 | Avg Prob=0.0082
2026-07-17 03:39:34,093 INFO protliggnn - Epoch 027 train loss=2.0717 PCC=0.5923 Spearman=0.5721 RMSE=1.4376 MAE=1.1227 R2=0.3136
2026-07-17 03:39:34,093 INFO protliggnn - Epoch 027 val loss=2.2061 PCC=0.5886 Spearman=0.5372 RMSE=1.4835 MAE=1.2248 R2=0.3427
2026-07-17 03:39:34,093 INFO protliggnn - Epoch 027 train diagnostics: Affinity Loss=2.0668 | Contact Loss=0.0453 | Total Loss=2.0717 | Pos Acc=0.0000 | Neg Acc=1.0000 | Precision=0.0000 | Recall=0.0000 | F1=0.0000 | Avg Prob=0.0076
2026-07-17 03:39:34,093 INFO protliggnn - Epoch 027 val diagnostics: Affinity Loss=2.2007 | Contact Loss=0.0509 | Total Loss=2.2061 | Pos Acc=0.0000 | Neg Acc=1.0000 | Precision=0.0000 | Recall=0.0000 | F1=0.0000 | Avg Prob=0.0082
2026-07-17 03:39:34,176 INFO protliggnn - Saved checkpoint for epoch 27 with validation RMSE 1.4834824933944208.
2026-07-17 03:40:13,334 INFO protliggnn - Epoch 028 train loss=1.9026 PCC=0.6304 Spearman=0.6218 RMSE=1.3776 MAE=1.1013 R2=0.3697
2026-07-17 03:40:13,335 INFO protliggnn - Epoch 028 val loss=2.6682 PCC=0.6116 Spearman=0.5435 RMSE=1.6318 MAE=1.3319 R2=0.2047
2026-07-17 03:40:13,335 INFO protliggnn - Epoch 028 train diagnostics: Affinity Loss=1.8977 | Contact Loss=0.0453 | Total Loss=1.9026 | Pos Acc=0.0000 | Neg Acc=1.0000 | Precision=0.0000 | Recall=0.0000 | F1=0.0000 | Avg Prob=0.0074
2026-07-17 03:40:13,335 INFO protliggnn - Epoch 028 val diagnostics: Affinity Loss=2.6627 | Contact Loss=0.0515 | Total Loss=2.6682 | Pos Acc=0.0000 | Neg Acc=1.0000 | Precision=0.0000 | Recall=0.0000 | F1=0.0000 | Avg Prob=0.0060
2026-07-17 03:40:52,537 INFO protliggnn - Epoch 029 train loss=2.2344 PCC=0.5584 Spearman=0.5529 RMSE=1.4932 MAE=1.1754 R2=0.2596
2026-07-17 03:40:52,537 INFO protliggnn - Epoch 029 val loss=2.3736 PCC=0.6266 Spearman=0.5629 RMSE=1.5389 MAE=1.2355 R2=0.2927
2026-07-17 03:40:52,537 INFO protliggnn - Epoch 029 train diagnostics: Affinity Loss=2.2295 | Contact Loss=0.0453 | Total Loss=2.2344 | Pos Acc=0.0000 | Neg Acc=1.0000 | Precision=0.0000 | Recall=0.0000 | F1=0.0000 | Avg Prob=0.0075
2026-07-17 03:40:52,538 INFO protliggnn - Epoch 029 val diagnostics: Affinity Loss=2.3682 | Contact Loss=0.0510 | Total Loss=2.3736 | Pos Acc=0.0000 | Neg Acc=1.0000 | Precision=0.0000 | Recall=0.0000 | F1=0.0000 | Avg Prob=0.0072
2026-07-17 03:41:31,522 INFO protliggnn - Epoch 030 train loss=2.1441 PCC=0.5861 Spearman=0.5819 RMSE=1.4626 MAE=1.1565 R2=0.2895
2026-07-17 03:41:31,522 INFO protliggnn - Epoch 030 val loss=2.5641 PCC=0.5940 Spearman=0.5333 RMSE=1.5996 MAE=1.3094 R2=0.2358
2026-07-17 03:41:31,522 INFO protliggnn - Epoch 030 train diagnostics: Affinity Loss=2.1392 | Contact Loss=0.0453 | Total Loss=2.1441 | Pos Acc=0.0000 | Neg Acc=1.0000 | Precision=0.0000 | Recall=0.0000 | F1=0.0000 | Avg Prob=0.0076
2026-07-17 03:41:31,522 INFO protliggnn - Epoch 030 val diagnostics: Affinity Loss=2.5588 | Contact Loss=0.0508 | Total Loss=2.5641 | Pos Acc=0.0000 | Neg Acc=1.0000 | Precision=0.0000 | Recall=0.0000 | F1=0.0000 | Avg Prob=0.0081
2026-07-17 03:42:11,469 INFO protliggnn - Epoch 031 train loss=2.0101 PCC=0.6122 Spearman=0.6044 RMSE=1.4161 MAE=1.1381 R2=0.3340
2026-07-17 03:42:11,469 INFO protliggnn - Epoch 031 val loss=2.1902 PCC=0.6245 Spearman=0.5724 RMSE=1.4781 MAE=1.1858 R2=0.3474
2026-07-17 03:42:11,469 INFO protliggnn - Epoch 031 train diagnostics: Affinity Loss=2.0053 | Contact Loss=0.0452 | Total Loss=2.0101 | Pos Acc=0.0000 | Neg Acc=1.0000 | Precision=0.0000 | Recall=0.0000 | F1=0.0000 | Avg Prob=0.0075
2026-07-17 03:42:11,469 INFO protliggnn - Epoch 031 val diagnostics: Affinity Loss=2.1849 | Contact Loss=0.0506 | Total Loss=2.1902 | Pos Acc=0.0000 | Neg Acc=1.0000 | Precision=0.0000 | Recall=0.0000 | F1=0.0000 | Avg Prob=0.0076
2026-07-17 03:42:11,551 INFO protliggnn - Saved checkpoint for epoch 31 with validation RMSE 1.4781373865797027.
2026-07-17 03:42:51,649 INFO protliggnn - Epoch 032 train loss=1.9768 PCC=0.6237 Spearman=0.6167 RMSE=1.4043 MAE=1.1160 R2=0.3451
2026-07-17 03:42:51,649 INFO protliggnn - Epoch 032 val loss=2.1110 PCC=0.6357 Spearman=0.5621 RMSE=1.4510 MAE=1.1533 R2=0.3711
2026-07-17 03:42:51,649 INFO protliggnn - Epoch 032 train diagnostics: Affinity Loss=1.9720 | Contact Loss=0.0452 | Total Loss=1.9768 | Pos Acc=0.0000 | Neg Acc=1.0000 | Precision=0.0000 | Recall=0.0000 | F1=0.0000 | Avg Prob=0.0075
2026-07-17 03:42:51,649 INFO protliggnn - Epoch 032 val diagnostics: Affinity Loss=2.1055 | Contact Loss=0.0515 | Total Loss=2.1110 | Pos Acc=0.0000 | Neg Acc=1.0000 | Precision=0.0000 | Recall=0.0000 | F1=0.0000 | Avg Prob=0.0061
2026-07-17 03:42:51,769 INFO protliggnn - Saved checkpoint for epoch 32 with validation RMSE 1.4510498561726313.
2026-07-17 03:43:31,514 INFO protliggnn - Epoch 033 train loss=1.8751 PCC=0.6437 Spearman=0.6227 RMSE=1.3676 MAE=1.0883 R2=0.3789
2026-07-17 03:43:31,514 INFO protliggnn - Epoch 033 val loss=2.3484 PCC=0.6315 Spearman=0.5804 RMSE=1.5307 MAE=1.2523 R2=0.3002
2026-07-17 03:43:31,514 INFO protliggnn - Epoch 033 train diagnostics: Affinity Loss=1.8703 | Contact Loss=0.0453 | Total Loss=1.8751 | Pos Acc=0.0000 | Neg Acc=1.0000 | Precision=0.0000 | Recall=0.0000 | F1=0.0000 | Avg Prob=0.0073
2026-07-17 03:43:31,514 INFO protliggnn - Epoch 033 val diagnostics: Affinity Loss=2.3431 | Contact Loss=0.0507 | Total Loss=2.3484 | Pos Acc=0.0000 | Neg Acc=1.0000 | Precision=0.0000 | Recall=0.0000 | F1=0.0000 | Avg Prob=0.0084
2026-07-17 03:44:10,831 INFO protliggnn - Epoch 034 train loss=1.7505 PCC=0.6675 Spearman=0.6700 RMSE=1.3212 MAE=1.0377 R2=0.4202
2026-07-17 03:44:10,831 INFO protliggnn - Epoch 034 val loss=2.7684 PCC=0.5486 Spearman=0.5219 RMSE=1.6623 MAE=1.3716 R2=0.1747
2026-07-17 03:44:10,831 INFO protliggnn - Epoch 034 train diagnostics: Affinity Loss=1.7457 | Contact Loss=0.0452 | Total Loss=1.7505 | Pos Acc=0.0000 | Neg Acc=1.0000 | Precision=0.0000 | Recall=0.0000 | F1=0.0000 | Avg Prob=0.0074
2026-07-17 03:44:10,831 INFO protliggnn - Epoch 034 val diagnostics: Affinity Loss=2.7631 | Contact Loss=0.0509 | Total Loss=2.7684 | Pos Acc=0.0000 | Neg Acc=1.0000 | Precision=0.0000 | Recall=0.0000 | F1=0.0000 | Avg Prob=0.0085
2026-07-17 03:44:50,039 INFO protliggnn - Epoch 035 train loss=1.7240 PCC=0.6748 Spearman=0.6702 RMSE=1.3112 MAE=1.0386 R2=0.4290
2026-07-17 03:44:50,040 INFO protliggnn - Epoch 035 val loss=2.9879 PCC=0.5998 Spearman=0.5454 RMSE=1.7270 MAE=1.3735 R2=0.1092
2026-07-17 03:44:50,040 INFO protliggnn - Epoch 035 train diagnostics: Affinity Loss=1.7192 | Contact Loss=0.0451 | Total Loss=1.7240 | Pos Acc=0.0000 | Neg Acc=1.0000 | Precision=0.0000 | Recall=0.0000 | F1=0.0000 | Avg Prob=0.0074
2026-07-17 03:44:50,040 INFO protliggnn - Epoch 035 val diagnostics: Affinity Loss=2.9825 | Contact Loss=0.0517 | Total Loss=2.9879 | Pos Acc=0.0000 | Neg Acc=1.0000 | Precision=0.0000 | Recall=0.0000 | F1=0.0000 | Avg Prob=0.0054
2026-07-17 03:45:29,697 INFO protliggnn - Epoch 036 train loss=1.9808 PCC=0.6329 Spearman=0.6235 RMSE=1.4057 MAE=1.1133 R2=0.3437
2026-07-17 03:45:29,697 INFO protliggnn - Epoch 036 val loss=2.2311 PCC=0.6108 Spearman=0.5524 RMSE=1.4919 MAE=1.1763 R2=0.3352
2026-07-17 03:45:29,697 INFO protliggnn - Epoch 036 train diagnostics: Affinity Loss=1.9760 | Contact Loss=0.0452 | Total Loss=1.9808 | Pos Acc=0.0000 | Neg Acc=1.0000 | Precision=0.0000 | Recall=0.0000 | F1=0.0000 | Avg Prob=0.0075
2026-07-17 03:45:29,697 INFO protliggnn - Epoch 036 val diagnostics: Affinity Loss=2.2257 | Contact Loss=0.0517 | Total Loss=2.2311 | Pos Acc=0.0000 | Neg Acc=1.0000 | Precision=0.0000 | Recall=0.0000 | F1=0.0000 | Avg Prob=0.0055
2026-07-17 03:46:09,072 INFO protliggnn - Epoch 037 train loss=1.6383 PCC=0.6908 Spearman=0.6744 RMSE=1.2781 MAE=1.0139 R2=0.4575
2026-07-17 03:46:09,072 INFO protliggnn - Epoch 037 val loss=2.3895 PCC=0.5943 Spearman=0.5224 RMSE=1.5441 MAE=1.1999 R2=0.2879
2026-07-17 03:46:09,072 INFO protliggnn - Epoch 037 train diagnostics: Affinity Loss=1.6335 | Contact Loss=0.0452 | Total Loss=1.6383 | Pos Acc=0.0000 | Neg Acc=1.0000 | Precision=0.0000 | Recall=0.0000 | F1=0.0000 | Avg Prob=0.0077
2026-07-17 03:46:09,072 INFO protliggnn - Epoch 037 val diagnostics: Affinity Loss=2.3842 | Contact Loss=0.0509 | Total Loss=2.3895 | Pos Acc=0.0000 | Neg Acc=1.0000 | Precision=0.0000 | Recall=0.0000 | F1=0.0000 | Avg Prob=0.0082
2026-07-17 03:47:14,184 INFO protliggnn - Experiment directory: experiments\run_015
2026-07-17 03:47:14,184 INFO protliggnn - CLI arguments: {'data_dir': 'data/pdbbind2020', 'device': 'cuda:0', 'epochs': 50, 'batch_size': 8, 'lr': 0.001, 'weight_decay': 1e-05, 'patience': 10, 'seed': 2024, 'max_samples': 1000, 'run_name': 'protliggnn_benchmark_seed_2024', 'no_crossgraph': False, 'save_path': 'experiments\\run_015\\checkpoint.pt', 'split_strategy': 'random', 'split_dir': 'splits', 'fixed_split_dir': None, 'val_fraction': 0.1, 'test_fraction': 0.1, 'dataset_version': 'pdbbind2020_local', 'experiments_root': 'experiments', 'experiment_dir': 'experiments\\run_015', 'experiment_id': None, 'num_workers': 0, 'pin_memory': False, 'disable_experiment_tracking': False, 'resume': 'run_015', 'allow_duplicate': True, 'hidden_dim': 256, 'dropout': 0.2, 'optimizer': 'adam', 'scheduler': 'none', 'grad_clip': 5.0, 'no_residual': False, 'no_layernorm': False, 'no_attention': False, 'pooling': 'mean', 'log_level': 'INFO', 'model_type': 'soft_routing', 'router_type': 'gated', 'routing_level': 'embedding', 'gate_regularization': 0.0, 'entropy_regularization': 0.01, 'sparsity_regularization': 0.0, 'diversity_regularization': 0.0, 'router_capacity': 'base', 'contact_threshold': 4.0, 'loss_weight': 0.1, 'loss_weight_strategy': 'fixed', 'contact_hidden_dim': 128, 'rbf_basis': 32, 'rbf_start': 0.0, 'rbf_stop': 12.0, 'rbf_proj_dim': 32, 'interaction_dim': 32, 'latent_dim': 32, 'chemistry_dim': 32, 'representation_dim': 32, 'attention_bias_type': 'rbf', 'attention_learnable_scale': 'true', 'attention_initial_alpha': 0.1, 'attention_normalize_bias': 'true', 'experiment_purpose': 'benchmark', 'research_question': 'Can ProtLigGNN reproducibly predict protein-ligand affinity under this benchmark configuration?', 'author': 'unknown', 'description': '', 'notes': '', 'tags': '', 'expected_outcome': '', 'current_milestone': 'research-infrastructure', 'architecture_version': 'protliggnn-v1', 'research_version': 'Validated Baseline v0.95'}
2026-07-17 03:47:14,185 INFO protliggnn - Resume target resolved to experiments\run_015\checkpoint.pt
2026-07-17 03:47:14,185 INFO protliggnn - Loading dataset from D:\ProtLigGnn\data\pdbbind2020
2026-07-17 03:47:14,187 WARNING protliggnn.train - Censored or approximate affinity label detected: 'Kd<10uM' (relation: '<'). Treating as exact value.
2026-07-17 03:47:14,187 WARNING protliggnn.train - Censored or approximate affinity label detected: 'Ki<=17nM' (relation: '<='). Treating as exact value.
2026-07-17 03:47:14,187 WARNING protliggnn.train - Censored or approximate affinity label detected: 'IC50<=3.5nM' (relation: '<='). Treating as exact value.
2026-07-17 03:47:14,187 WARNING protliggnn.train - Censored or approximate affinity label detected: 'Ki<1.0nM' (relation: '<'). Treating as exact value.
2026-07-17 03:47:14,187 WARNING protliggnn.train - Censored or approximate affinity label detected: 'Ki<10uM' (relation: '<'). Treating as exact value.
2026-07-17 03:47:14,187 WARNING protliggnn.train - Censored or approximate affinity label detected: 'Ki<1nM' (relation: '<'). Treating as exact value.
2026-07-17 03:47:14,188 WARNING protliggnn.train - Censored or approximate affinity label detected: 'IC50<=2.0nM' (relation: '<='). Treating as exact value.
2026-07-17 03:47:14,188 WARNING protliggnn.train - Censored or approximate affinity label detected: 'IC50~10uM' (relation: '~'). Treating as exact value.
2026-07-17 03:47:14,188 WARNING protliggnn.train - Censored or approximate affinity label detected: 'Ki<0.01nM' (relation: '<'). Treating as exact value.
2026-07-17 03:47:14,188 WARNING protliggnn.train - Censored or approximate affinity label detected: 'Ki<=100nM' (relation: '<='). Treating as exact value.
2026-07-17 03:47:14,188 WARNING protliggnn.train - Censored or approximate affinity label detected: 'Ki<21nM' (relation: '<'). Treating as exact value.
2026-07-17 03:47:14,189 WARNING protliggnn.train - Censored or approximate affinity label detected: 'Ki~0.1pM' (relation: '~'). Treating as exact value.
2026-07-17 03:47:14,190 WARNING protliggnn.train - Censored or approximate affinity label detected: 'Kd<=100uM' (relation: '<='). Treating as exact value.
2026-07-17 03:47:14,263 WARNING protliggnn.train - Censored or approximate affinity label detected: 'Kd~10pM' (relation: '~'). Treating as exact value.
2026-07-17 03:47:14,263 WARNING protliggnn.train - Censored or approximate affinity label detected: 'Kd~1pM' (relation: '~'). Treating as exact value.
2026-07-17 03:47:14,263 WARNING protliggnn.train - Censored or approximate affinity label detected: 'Kd~1pM' (relation: '~'). Treating as exact value.
2026-07-17 03:47:14,264 WARNING protliggnn.train - Censored or approximate affinity label detected: 'Kd<0.010uM' (relation: '<'). Treating as exact value.
2026-07-17 03:47:14,266 WARNING protliggnn.train - Censored or approximate affinity label detected: 'Kd~0.1uM' (relation: '~'). Treating as exact value.
2026-07-17 03:47:14,266 WARNING protliggnn.train - Censored or approximate affinity label detected: 'Ki<0.3uM' (relation: '<'). Treating as exact value.
2026-07-17 03:47:14,267 WARNING protliggnn.train - Censored or approximate affinity label detected: 'IC50<0.003uM' (relation: '<'). Treating as exact value.
2026-07-17 03:47:14,267 WARNING protliggnn.train - Censored or approximate affinity label detected: 'IC50<0.05uM' (relation: '<'). Treating as exact value.
2026-07-17 03:47:14,267 WARNING protliggnn.train - Censored or approximate affinity label detected: 'IC50<0.05uM' (relation: '<'). Treating as exact value.
2026-07-17 03:47:14,268 WARNING protliggnn.train - Censored or approximate affinity label detected: 'IC50~5mM' (relation: '~'). Treating as exact value.
2026-07-17 03:47:14,268 WARNING protliggnn.train - Censored or approximate affinity label detected: 'Kd<0.12nM' (relation: '<'). Treating as exact value.
2026-07-17 03:47:14,269 WARNING protliggnn.train - Censored or approximate affinity label detected: 'Kd~0.69pM' (relation: '~'). Treating as exact value.
2026-07-17 03:47:14,269 WARNING protliggnn.train - Censored or approximate affinity label detected: 'Kd~11pM' (relation: '~'). Treating as exact value.
2026-07-17 03:47:14,269 WARNING protliggnn.train - Censored or approximate affinity label detected: 'Kd~28pM' (relation: '~'). Treating as exact value.
2026-07-17 03:47:14,270 WARNING protliggnn.train - Censored or approximate affinity label detected: 'IC50<0.003uM' (relation: '<'). Treating as exact value.
2026-07-17 03:47:14,270 WARNING protliggnn.train - Censored or approximate affinity label detected: 'IC50<20nM' (relation: '<'). Treating as exact value.
2026-07-17 03:47:14,270 WARNING protliggnn.train - Censored or approximate affinity label detected: 'IC50<5nM' (relation: '<'). Treating as exact value.
2026-07-17 03:47:14,271 WARNING protliggnn.train - Censored or approximate affinity label detected: 'Kd~1nM' (relation: '~'). Treating as exact value.
2026-07-17 03:47:14,271 WARNING protliggnn.train - Censored or approximate affinity label detected: 'Kd~1nM' (relation: '~'). Treating as exact value.
2026-07-17 03:47:14,271 WARNING protliggnn.train - Censored or approximate affinity label detected: 'Ki<10nM' (relation: '<'). Treating as exact value.
2026-07-17 03:47:14,273 WARNING protliggnn.train - Censored or approximate affinity label detected: 'Kd<10uM' (relation: '<'). Treating as exact value.
2026-07-17 03:47:14,275 WARNING protliggnn.train - Censored or approximate affinity label detected: 'IC50<100nM' (relation: '<'). Treating as exact value.
2026-07-17 03:47:14,276 WARNING protliggnn.train - Censored or approximate affinity label detected: 'Kd<2pM' (relation: '<'). Treating as exact value.
2026-07-17 03:47:14,277 WARNING protliggnn.train - Censored or approximate affinity label detected: 'Kd~50uM' (relation: '~'). Treating as exact value.
2026-07-17 03:47:14,277 WARNING protliggnn.train - Censored or approximate affinity label detected: 'Ki<=0.6nM' (relation: '<='). Treating as exact value.
2026-07-17 03:47:14,280 WARNING protliggnn.train - Censored or approximate affinity label detected: 'Kd~100uM' (relation: '~'). Treating as exact value.
2026-07-17 03:47:14,280 WARNING protliggnn.train - Censored or approximate affinity label detected: 'Kd~100uM' (relation: '~'). Treating as exact value.
2026-07-17 03:47:15,290 WARNING protliggnn.train - Censored or approximate affinity label detected: 'IC50<0.04nM' (relation: '<'). Treating as exact value.
2026-07-17 03:47:15,291 WARNING protliggnn.train - Censored or approximate affinity label detected: 'Kd~10nM' (relation: '~'). Treating as exact value.
2026-07-17 03:47:15,292 WARNING protliggnn.train - Censored or approximate affinity label detected: 'IC50<0.5nM' (relation: '<'). Treating as exact value.
2026-07-17 03:47:15,293 WARNING protliggnn.train - Censored or approximate affinity label detected: 'Kd~40mM' (relation: '~'). Treating as exact value.
2026-07-17 03:47:15,294 WARNING protliggnn.train - Censored or approximate affinity label detected: 'Ki<10uM' (relation: '<'). Treating as exact value.
2026-07-17 03:47:15,294 WARNING protliggnn.train - Censored or approximate affinity label detected: 'IC50<1.0nM' (relation: '<'). Treating as exact value.
2026-07-17 03:47:15,294 WARNING protliggnn.train - Censored or approximate affinity label detected: 'IC50<2nM' (relation: '<'). Treating as exact value.
2026-07-17 03:47:15,294 WARNING protliggnn.train - Censored or approximate affinity label detected: 'IC50<3nM' (relation: '<'). Treating as exact value.
2026-07-17 03:47:15,294 WARNING protliggnn.train - Censored or approximate affinity label detected: 'IC50<=1nM' (relation: '<='). Treating as exact value.
2026-07-17 03:47:15,295 WARNING protliggnn.train - Censored or approximate affinity label detected: 'Kd<1nM' (relation: '<'). Treating as exact value.
2026-07-17 03:47:15,296 WARNING protliggnn.train - Censored or approximate affinity label detected: 'Kd~1nM' (relation: '~'). Treating as exact value.
2026-07-17 03:47:15,296 WARNING protliggnn.train - Censored or approximate affinity label detected: 'Kd~1nM' (relation: '~'). Treating as exact value.
2026-07-17 03:47:15,297 WARNING protliggnn.train - Censored or approximate affinity label detected: 'IC50<2nM' (relation: '<'). Treating as exact value.
2026-07-17 03:47:15,298 WARNING protliggnn.train - Censored or approximate affinity label detected: 'IC50~1mM' (relation: '~'). Treating as exact value.
2026-07-17 03:47:15,298 WARNING protliggnn.train - Censored or approximate affinity label detected: 'IC50~20mM' (relation: '~'). Treating as exact value.
2026-07-17 03:47:15,298 WARNING protliggnn.train - Censored or approximate affinity label detected: 'Kd<0.1nM' (relation: '<'). Treating as exact value.
2026-07-17 03:47:15,298 WARNING protliggnn.train - Censored or approximate affinity label detected: 'Kd<1mM' (relation: '<'). Treating as exact value.
2026-07-17 03:47:15,298 WARNING protliggnn.train - Censored or approximate affinity label detected: 'Kd<60uM' (relation: '<'). Treating as exact value.
2026-07-17 03:47:15,299 WARNING protliggnn.train - Censored or approximate affinity label detected: 'Kd~300uM' (relation: '~'). Treating as exact value.
2026-07-17 03:47:15,299 WARNING protliggnn.train - Censored or approximate affinity label detected: 'Ki<50.0nM' (relation: '<'). Treating as exact value.
2026-07-17 03:47:15,300 WARNING protliggnn.train - Censored or approximate affinity label detected: 'Ki~5mM' (relation: '~'). Treating as exact value.
2026-07-17 03:47:15,300 WARNING protliggnn.train - Censored or approximate affinity label detected: 'Ki~5uM' (relation: '~'). Treating as exact value.
2026-07-17 03:47:15,300 WARNING protliggnn.train - Censored or approximate affinity label detected: 'IC50<0.001uM' (relation: '<'). Treating as exact value.
2026-07-17 03:47:15,300 WARNING protliggnn.train - Censored or approximate affinity label detected: 'IC50<0.003uM' (relation: '<'). Treating as exact value.
2026-07-17 03:47:15,300 WARNING protliggnn.train - Censored or approximate affinity label detected: 'IC50<0.004uM' (relation: '<'). Treating as exact value.
2026-07-17 03:47:15,300 WARNING protliggnn.train - Censored or approximate affinity label detected: 'IC50<10nM' (relation: '<'). Treating as exact value.
2026-07-17 03:47:15,300 WARNING protliggnn.train - Censored or approximate affinity label detected: 'IC50<2.13nM' (relation: '<'). Treating as exact value.
2026-07-17 03:47:17,121 WARNING protliggnn.train - Censored or approximate affinity label detected: 'IC50<3nM' (relation: '<'). Treating as exact value.
2026-07-17 03:47:17,121 WARNING protliggnn.train - Censored or approximate affinity label detected: 'IC50<3nM' (relation: '<'). Treating as exact value.
2026-07-17 03:47:17,121 WARNING protliggnn.train - Censored or approximate affinity label detected: 'IC50<4nM' (relation: '<'). Treating as exact value.
2026-07-17 03:47:17,121 WARNING protliggnn.train - Censored or approximate affinity label detected: 'IC50<5nM' (relation: '<'). Treating as exact value.
2026-07-17 03:47:17,121 WARNING protliggnn.train - Censored or approximate affinity label detected: 'IC50<5nM' (relation: '<'). Treating as exact value.
2026-07-17 03:47:17,122 WARNING protliggnn.train - Censored or approximate affinity label detected: 'Kd<0.1mM' (relation: '<'). Treating as exact value.
2026-07-17 03:47:17,122 WARNING protliggnn.train - Censored or approximate affinity label detected: 'Kd<0.1nM' (relation: '<'). Treating as exact value.
2026-07-17 03:47:17,122 WARNING protliggnn.train - Censored or approximate affinity label detected: 'Kd<100nM' (relation: '<'). Treating as exact value.
2026-07-17 03:47:17,122 WARNING protliggnn.train - Censored or approximate affinity label detected: 'Kd<10nM' (relation: '<'). Treating as exact value.
2026-07-17 03:47:17,123 WARNING protliggnn.train - Censored or approximate affinity label detected: 'Kd~102uM' (relation: '~'). Treating as exact value.
2026-07-17 03:47:17,123 WARNING protliggnn.train - Censored or approximate affinity label detected: 'Kd~125nM' (relation: '~'). Treating as exact value.
2026-07-17 03:47:17,123 WARNING protliggnn.train - Censored or approximate affinity label detected: 'Kd~1uM' (relation: '~'). Treating as exact value.
2026-07-17 03:47:17,123 WARNING protliggnn.train - Censored or approximate affinity label detected: 'Kd~1uM' (relation: '~'). Treating as exact value.
2026-07-17 03:47:17,123 WARNING protliggnn.train - Censored or approximate affinity label detected: 'Kd~5uM' (relation: '~'). Treating as exact value.
2026-07-17 03:47:17,123 WARNING protliggnn.train - Censored or approximate affinity label detected: 'Kd~74.3uM' (relation: '~'). Treating as exact value.
2026-07-17 03:47:17,123 WARNING protliggnn.train - Censored or approximate affinity label detected: 'Kd~85nM' (relation: '~'). Treating as exact value.
2026-07-17 03:47:17,123 WARNING protliggnn.train - Censored or approximate affinity label detected: 'Ki<0.10nM' (relation: '<'). Treating as exact value.
2026-07-17 03:47:17,124 WARNING protliggnn.train - Censored or approximate affinity label detected: 'Ki~2uM' (relation: '~'). Treating as exact value.
2026-07-17 03:47:17,124 WARNING protliggnn.train - Censored or approximate affinity label detected: 'Ki~55mM' (relation: '~'). Treating as exact value.
2026-07-17 03:47:17,124 WARNING protliggnn.train - Censored or approximate affinity label detected: 'Ki~55mM' (relation: '~'). Treating as exact value.
2026-07-17 03:47:17,124 WARNING protliggnn.train - Censored or approximate affinity label detected: 'IC50<0.01uM' (relation: '<'). Treating as exact value.
2026-07-17 03:47:17,124 WARNING protliggnn.train - Censored or approximate affinity label detected: 'IC50<0.01uM' (relation: '<'). Treating as exact value.
2026-07-17 03:47:17,124 WARNING protliggnn.train - Censored or approximate affinity label detected: 'IC50<2.5nM' (relation: '<'). Treating as exact value.
2026-07-17 03:47:17,125 WARNING protliggnn.train - Censored or approximate affinity label detected: 'IC50~0.5uM' (relation: '~'). Treating as exact value.
2026-07-17 03:47:17,125 WARNING protliggnn.train - Censored or approximate affinity label detected: 'IC50~30nM' (relation: '~'). Treating as exact value.
2026-07-17 03:47:17,125 WARNING protliggnn.train - Censored or approximate affinity label detected: 'Kd<10nM' (relation: '<'). Treating as exact value.
2026-07-17 03:47:17,125 WARNING protliggnn.train - Censored or approximate affinity label detected: 'Kd<10uM' (relation: '<'). Treating as exact value.
2026-07-17 03:47:18,749 WARNING protliggnn.train - Censored or approximate affinity label detected: 'Kd<6nM' (relation: '<'). Treating as exact value.
2026-07-17 03:47:18,751 WARNING protliggnn.train - Censored or approximate affinity label detected: 'Kd~10nM' (relation: '~'). Treating as exact value.
2026-07-17 03:47:18,751 WARNING protliggnn.train - Censored or approximate affinity label detected: 'Kd~160nM' (relation: '~'). Treating as exact value.
2026-07-17 03:47:18,751 WARNING protliggnn.train - Censored or approximate affinity label detected: 'Kd~1mM' (relation: '~'). Treating as exact value.
2026-07-17 03:47:18,751 WARNING protliggnn.train - Censored or approximate affinity label detected: 'Kd~1uM' (relation: '~'). Treating as exact value.
2026-07-17 03:47:18,751 WARNING protliggnn.train - Censored or approximate affinity label detected: 'Kd~2uM' (relation: '~'). Treating as exact value.
2026-07-17 03:47:18,751 WARNING protliggnn.train - Censored or approximate affinity label detected: 'Kd~5uM' (relation: '~'). Treating as exact value.
2026-07-17 03:47:18,751 WARNING protliggnn.train - Censored or approximate affinity label detected: 'Ki<0.05uM' (relation: '<'). Treating as exact value.
2026-07-17 03:47:18,751 WARNING protliggnn.train - Censored or approximate affinity label detected: 'Ki<1nM' (relation: '<'). Treating as exact value.
2026-07-17 03:47:18,751 WARNING protliggnn.train - Censored or approximate affinity label detected: 'Ki<1nM' (relation: '<'). Treating as exact value.
2026-07-17 03:47:18,751 WARNING protliggnn.train - Censored or approximate affinity label detected: 'Ki<1nM' (relation: '<'). Treating as exact value.
2026-07-17 03:47:18,751 WARNING protliggnn.train - Censored or approximate affinity label detected: 'Ki<1nM' (relation: '<'). Treating as exact value.
2026-07-17 03:47:18,751 WARNING protliggnn.train - Censored or approximate affinity label detected: 'Ki<2nM' (relation: '<'). Treating as exact value.
2026-07-17 03:47:18,752 WARNING protliggnn.train - Censored or approximate affinity label detected: 'Ki~10uM' (relation: '~'). Treating as exact value.
2026-07-17 03:47:18,752 WARNING protliggnn.train - Censored or approximate affinity label detected: 'Ki~14uM' (relation: '~'). Treating as exact value.
2026-07-17 03:47:18,752 WARNING protliggnn.train - Censored or approximate affinity label detected: 'Ki~50uM' (relation: '~'). Treating as exact value.
2026-07-17 03:47:18,752 WARNING protliggnn.train - Censored or approximate affinity label detected: 'IC50<1nM' (relation: '<'). Treating as exact value.
2026-07-17 03:47:18,752 WARNING protliggnn.train - Censored or approximate affinity label detected: 'IC50<4nM' (relation: '<'). Treating as exact value.
2026-07-17 03:47:18,755 WARNING protliggnn.train - Censored or approximate affinity label detected: 'IC50~10uM' (relation: '~'). Treating as exact value.
2026-07-17 03:47:18,755 WARNING protliggnn.train - Censored or approximate affinity label detected: 'IC50~10uM' (relation: '~'). Treating as exact value.
2026-07-17 03:47:18,755 WARNING protliggnn.train - Censored or approximate affinity label detected: 'IC50~1mM' (relation: '~'). Treating as exact value.
2026-07-17 03:47:18,755 WARNING protliggnn.train - Censored or approximate affinity label detected: 'IC50~30uM' (relation: '~'). Treating as exact value.
2026-07-17 03:47:18,755 WARNING protliggnn.train - Censored or approximate affinity label detected: 'IC50~30uM' (relation: '~'). Treating as exact value.
2026-07-17 03:47:18,755 WARNING protliggnn.train - Censored or approximate affinity label detected: 'IC50~38nM' (relation: '~'). Treating as exact value.
2026-07-17 03:47:18,755 WARNING protliggnn.train - Censored or approximate affinity label detected: 'Kd<0.003uM' (relation: '<'). Treating as exact value.
2026-07-17 03:47:18,755 WARNING protliggnn.train - Censored or approximate affinity label detected: 'Kd<1nM' (relation: '<'). Treating as exact value.
2026-07-17 03:47:18,757 WARNING protliggnn.train - Censored or approximate affinity label detected: 'Kd~1.7uM' (relation: '~'). Treating as exact value.
2026-07-17 03:47:20,323 WARNING protliggnn.train - Censored or approximate affinity label detected: 'Kd~200nM' (relation: '~'). Treating as exact value.
2026-07-17 03:47:20,323 WARNING protliggnn.train - Censored or approximate affinity label detected: 'Kd~200nM' (relation: '~'). Treating as exact value.
2026-07-17 03:47:20,323 WARNING protliggnn.train - Censored or approximate affinity label detected: 'Kd~3.6pM' (relation: '~'). Treating as exact value.
2026-07-17 03:47:20,323 WARNING protliggnn.train - Censored or approximate affinity label detected: 'Kd~400nM' (relation: '~'). Treating as exact value.
2026-07-17 03:47:20,323 WARNING protliggnn.train - Censored or approximate affinity label detected: 'Kd~51nM' (relation: '~'). Treating as exact value.
2026-07-17 03:47:20,323 WARNING protliggnn.train - Censored or approximate affinity label detected: 'Kd~9.6uM' (relation: '~'). Treating as exact value.
2026-07-17 03:47:20,323 WARNING protliggnn.train - Censored or approximate affinity label detected: 'Ki<0.01nM' (relation: '<'). Treating as exact value.
2026-07-17 03:47:20,323 WARNING protliggnn.train - Censored or approximate affinity label detected: 'Ki<0.0845uM' (relation: '<'). Treating as exact value.
2026-07-17 03:47:20,323 WARNING protliggnn.train - Censored or approximate affinity label detected: 'Ki<0.2nM' (relation: '<'). Treating as exact value.
2026-07-17 03:47:20,323 WARNING protliggnn.train - Censored or approximate affinity label detected: 'Ki<0.2nM' (relation: '<'). Treating as exact value.
2026-07-17 03:47:20,323 WARNING protliggnn.train - Censored or approximate affinity label detected: 'Ki<10mM' (relation: '<'). Treating as exact value.
2026-07-17 03:47:20,323 WARNING protliggnn.train - Censored or approximate affinity label detected: 'Ki<2mM' (relation: '<'). Treating as exact value.
2026-07-17 03:47:20,325 WARNING protliggnn.train - Censored or approximate affinity label detected: 'Ki~1.3uM' (relation: '~'). Treating as exact value.
2026-07-17 03:47:20,325 WARNING protliggnn.train - Censored or approximate affinity label detected: 'Ki~1.3uM' (relation: '~'). Treating as exact value.
2026-07-17 03:47:20,325 WARNING protliggnn.train - Censored or approximate affinity label detected: 'Ki~67uM' (relation: '~'). Treating as exact value.
2026-07-17 03:47:20,325 WARNING protliggnn.train - Censored or approximate affinity label detected: 'IC50<0.001uM' (relation: '<'). Treating as exact value.
2026-07-17 03:47:20,325 WARNING protliggnn.train - Censored or approximate affinity label detected: 'IC50<0.086uM' (relation: '<'). Treating as exact value.
2026-07-17 03:47:20,325 WARNING protliggnn.train - Censored or approximate affinity label detected: 'IC50<0.086uM' (relation: '<'). Treating as exact value.
2026-07-17 03:47:20,325 WARNING protliggnn.train - Censored or approximate affinity label detected: 'IC50<0.086uM' (relation: '<'). Treating as exact value.
2026-07-17 03:47:20,325 WARNING protliggnn.train - Censored or approximate affinity label detected: 'IC50<0.086uM' (relation: '<'). Treating as exact value.
2026-07-17 03:47:20,325 WARNING protliggnn.train - Censored or approximate affinity label detected: 'IC50<0.086uM' (relation: '<'). Treating as exact value.
2026-07-17 03:47:20,326 WARNING protliggnn.train - Censored or approximate affinity label detected: 'IC50<1.37uM' (relation: '<'). Treating as exact value.
2026-07-17 03:47:20,326 WARNING protliggnn.train - Censored or approximate affinity label detected: 'IC50<10nM' (relation: '<'). Treating as exact value.
2026-07-17 03:47:20,326 WARNING protliggnn.train - Censored or approximate affinity label detected: 'IC50<10uM' (relation: '<'). Treating as exact value.
2026-07-17 03:47:20,326 WARNING protliggnn.train - Censored or approximate affinity label detected: 'IC50<15nM' (relation: '<'). Treating as exact value.
2026-07-17 03:47:20,326 WARNING protliggnn.train - Censored or approximate affinity label detected: 'IC50<1nM' (relation: '<'). Treating as exact value.
2026-07-17 03:47:20,328 WARNING protliggnn.train - Censored or approximate affinity label detected: 'IC50~1.3mM' (relation: '~'). Treating as exact value.
2026-07-17 03:47:21,909 WARNING protliggnn.train - Censored or approximate affinity label detected: 'IC50~10000nM' (relation: '~'). Treating as exact value.
2026-07-17 03:47:21,909 WARNING protliggnn.train - Censored or approximate affinity label detected: 'IC50~33uM' (relation: '~'). Treating as exact value.
2026-07-17 03:47:21,909 WARNING protliggnn.train - Censored or approximate affinity label detected: 'IC50~4mM' (relation: '~'). Treating as exact value.
2026-07-17 03:47:21,909 WARNING protliggnn.train - Censored or approximate affinity label detected: 'Kd<0.03uM' (relation: '<'). Treating as exact value.
2026-07-17 03:47:21,909 WARNING protliggnn.train - Censored or approximate affinity label detected: 'Kd<0.05nM' (relation: '<'). Treating as exact value.
2026-07-17 03:47:21,909 WARNING protliggnn.train - Censored or approximate affinity label detected: 'Kd<10nM' (relation: '<'). Treating as exact value.
2026-07-17 03:47:21,909 WARNING protliggnn.train - Censored or approximate affinity label detected: 'Kd<1nM' (relation: '<'). Treating as exact value.
2026-07-17 03:47:21,909 WARNING protliggnn.train - Censored or approximate affinity label detected: 'Kd<1nM' (relation: '<'). Treating as exact value.
2026-07-17 03:47:21,910 WARNING protliggnn.train - Censored or approximate affinity label detected: 'Kd~185uM' (relation: '~'). Treating as exact value.
2026-07-17 03:47:21,910 WARNING protliggnn.train - Censored or approximate affinity label detected: 'Kd~23mM' (relation: '~'). Treating as exact value.
2026-07-17 03:47:21,910 WARNING protliggnn.train - Censored or approximate affinity label detected: 'Kd~2uM' (relation: '~'). Treating as exact value.
2026-07-17 03:47:21,911 WARNING protliggnn.train - Censored or approximate affinity label detected: 'Kd~300nM' (relation: '~'). Treating as exact value.
2026-07-17 03:47:21,911 WARNING protliggnn.train - Censored or approximate affinity label detected: 'Kd~364nM' (relation: '~'). Treating as exact value.
2026-07-17 03:47:21,911 WARNING protliggnn.train - Censored or approximate affinity label detected: 'Kd~8.11uM' (relation: '~'). Treating as exact value.
2026-07-17 03:47:21,911 WARNING protliggnn.train - Censored or approximate affinity label detected: 'Ki<0.0005uM' (relation: '<'). Treating as exact value.
2026-07-17 03:47:21,911 WARNING protliggnn.train - Censored or approximate affinity label detected: 'Ki<0.01nM' (relation: '<'). Treating as exact value.
2026-07-17 03:47:21,911 WARNING protliggnn.train - Censored or approximate affinity label detected: 'Ki<0.025nM' (relation: '<'). Treating as exact value.
2026-07-17 03:47:21,911 WARNING protliggnn.train - Censored or approximate affinity label detected: 'Ki~5uM' (relation: '~'). Treating as exact value.
2026-07-17 03:47:21,912 WARNING protliggnn.train - Censored or approximate affinity label detected: 'IC50<0.004uM' (relation: '<'). Treating as exact value.
2026-07-17 03:47:21,912 WARNING protliggnn.train - Censored or approximate affinity label detected: 'IC50<10nM' (relation: '<'). Treating as exact value.
2026-07-17 03:47:21,912 WARNING protliggnn.train - Censored or approximate affinity label detected: 'IC50<10nM' (relation: '<'). Treating as exact value.
2026-07-17 03:47:21,912 WARNING protliggnn.train - Censored or approximate affinity label detected: 'IC50<10nM' (relation: '<'). Treating as exact value.
2026-07-17 03:47:21,912 WARNING protliggnn.train - Censored or approximate affinity label detected: 'IC50<10nM' (relation: '<'). Treating as exact value.
2026-07-17 03:47:21,912 WARNING protliggnn.train - Censored or approximate affinity label detected: 'IC50<10nM' (relation: '<'). Treating as exact value.
2026-07-17 03:47:21,912 WARNING protliggnn.train - Censored or approximate affinity label detected: 'IC50<10nM' (relation: '<'). Treating as exact value.
2026-07-17 03:47:21,912 WARNING protliggnn.train - Censored or approximate affinity label detected: 'IC50<25nM' (relation: '<'). Treating as exact value.
2026-07-17 03:47:21,912 WARNING protliggnn.train - Censored or approximate affinity label detected: 'IC50<3nM' (relation: '<'). Treating as exact value.
2026-07-17 03:47:23,548 WARNING protliggnn.train - Censored or approximate affinity label detected: 'IC50~100uM' (relation: '~'). Treating as exact value.
2026-07-17 03:47:23,548 WARNING protliggnn.train - Censored or approximate affinity label detected: 'IC50~1mM' (relation: '~'). Treating as exact value.
2026-07-17 03:47:23,548 WARNING protliggnn.train - Censored or approximate affinity label detected: 'Kd<10nM' (relation: '<'). Treating as exact value.
2026-07-17 03:47:23,550 WARNING protliggnn.train - Censored or approximate affinity label detected: 'Kd~0.13uM' (relation: '~'). Treating as exact value.
2026-07-17 03:47:23,550 WARNING protliggnn.train - Censored or approximate affinity label detected: 'Kd~1.5uM' (relation: '~'). Treating as exact value.
2026-07-17 03:47:23,550 WARNING protliggnn.train - Censored or approximate affinity label detected: 'Kd~200uM' (relation: '~'). Treating as exact value.
2026-07-17 03:47:23,550 WARNING protliggnn.train - Censored or approximate affinity label detected: 'Kd~50uM' (relation: '~'). Treating as exact value.
2026-07-17 03:47:23,550 WARNING protliggnn.train - Censored or approximate affinity label detected: 'Ki<0.001uM' (relation: '<'). Treating as exact value.
2026-07-17 03:47:23,550 WARNING protliggnn.train - Censored or approximate affinity label detected: 'Ki<0.01nM' (relation: '<'). Treating as exact value.
2026-07-17 03:47:23,551 WARNING protliggnn.train - Censored or approximate affinity label detected: 'IC50<0.001uM' (relation: '<'). Treating as exact value.
2026-07-17 03:47:23,551 WARNING protliggnn.train - Censored or approximate affinity label detected: 'IC50<0.005uM' (relation: '<'). Treating as exact value.
2026-07-17 03:47:23,551 WARNING protliggnn.train - Censored or approximate affinity label detected: 'IC50<0.2uM' (relation: '<'). Treating as exact value.
2026-07-17 03:47:23,551 WARNING protliggnn.train - Censored or approximate affinity label detected: 'IC50<0.32nM' (relation: '<'). Treating as exact value.
2026-07-17 03:47:23,552 WARNING protliggnn.train - Censored or approximate affinity label detected: 'IC50<0.3nM' (relation: '<'). Treating as exact value.
2026-07-17 03:47:23,552 WARNING protliggnn.train - Censored or approximate affinity label detected: 'IC50<0.3nM' (relation: '<'). Treating as exact value.
2026-07-17 03:47:23,552 WARNING protliggnn.train - Censored or approximate affinity label detected: 'IC50<1.13nM' (relation: '<'). Treating as exact value.
2026-07-17 03:47:23,552 WARNING protliggnn.train - Censored or approximate affinity label detected: 'IC50<25nM' (relation: '<'). Treating as exact value.
2026-07-17 03:47:23,552 WARNING protliggnn.train - Censored or approximate affinity label detected: 'IC50<3nM' (relation: '<'). Treating as exact value.
2026-07-17 03:47:23,552 WARNING protliggnn.train - Censored or approximate affinity label detected: 'IC50<50nM' (relation: '<'). Treating as exact value.
2026-07-17 03:47:23,552 WARNING protliggnn.train - Censored or approximate affinity label detected: 'IC50<50nM' (relation: '<'). Treating as exact value.
2026-07-17 03:47:23,552 WARNING protliggnn.train - Censored or approximate affinity label detected: 'IC50<50nM' (relation: '<'). Treating as exact value.
2026-07-17 03:47:23,553 WARNING protliggnn.train - Censored or approximate affinity label detected: 'IC50~0.8mM' (relation: '~'). Treating as exact value.
2026-07-17 03:47:23,553 WARNING protliggnn.train - Censored or approximate affinity label detected: 'IC50~0.8mM' (relation: '~'). Treating as exact value.
2026-07-17 03:47:23,553 WARNING protliggnn.train - Censored or approximate affinity label detected: 'IC50~100uM' (relation: '~'). Treating as exact value.
2026-07-17 03:47:23,553 WARNING protliggnn.train - Censored or approximate affinity label detected: 'IC50~6nM' (relation: '~'). Treating as exact value.
2026-07-17 03:47:23,553 WARNING protliggnn.train - Censored or approximate affinity label detected: 'Kd<2nM' (relation: '<'). Treating as exact value.
2026-07-17 03:47:23,555 WARNING protliggnn.train - Censored or approximate affinity label detected: 'Kd~1.8uM' (relation: '~'). Treating as exact value.
2026-07-17 03:47:25,272 WARNING protliggnn.train - Censored or approximate affinity label detected: 'Kd~100nM' (relation: '~'). Treating as exact value.
2026-07-17 03:47:25,272 WARNING protliggnn.train - Censored or approximate affinity label detected: 'Kd~100nM' (relation: '~'). Treating as exact value.
2026-07-17 03:47:25,272 WARNING protliggnn.train - Censored or approximate affinity label detected: 'Kd~12uM' (relation: '~'). Treating as exact value.
2026-07-17 03:47:25,272 WARNING protliggnn.train - Censored or approximate affinity label detected: 'Kd~12uM' (relation: '~'). Treating as exact value.
2026-07-17 03:47:25,272 WARNING protliggnn.train - Censored or approximate affinity label detected: 'Kd~13uM' (relation: '~'). Treating as exact value.
2026-07-17 03:47:25,272 WARNING protliggnn.train - Censored or approximate affinity label detected: 'Kd~300nM' (relation: '~'). Treating as exact value.
2026-07-17 03:47:25,272 WARNING protliggnn.train - Censored or approximate affinity label detected: 'Kd~500uM' (relation: '~'). Treating as exact value.
2026-07-17 03:47:25,272 WARNING protliggnn.train - Censored or approximate affinity label detected: 'Kd~500uM' (relation: '~'). Treating as exact value.
2026-07-17 03:47:25,272 WARNING protliggnn.train - Censored or approximate affinity label detected: 'Kd~600uM' (relation: '~'). Treating as exact value.
2026-07-17 03:47:25,272 WARNING protliggnn.train - Censored or approximate affinity label detected: 'Kd~9uM' (relation: '~'). Treating as exact value.
2026-07-17 03:47:25,272 WARNING protliggnn.train - Censored or approximate affinity label detected: 'Ki<0.01uM' (relation: '<'). Treating as exact value.
2026-07-17 03:47:25,272 WARNING protliggnn.train - Censored or approximate affinity label detected: 'Ki<0.05nM' (relation: '<'). Treating as exact value.
2026-07-17 03:47:25,272 WARNING protliggnn.train - Censored or approximate affinity label detected: 'Ki<1nM' (relation: '<'). Treating as exact value.
2026-07-17 03:47:25,272 WARNING protliggnn.train - Censored or approximate affinity label detected: 'Ki<1nM' (relation: '<'). Treating as exact value.
2026-07-17 03:47:25,272 WARNING protliggnn.train - Censored or approximate affinity label detected: 'Ki<5nM' (relation: '<'). Treating as exact value.
2026-07-17 03:47:25,273 WARNING protliggnn.train - Censored or approximate affinity label detected: 'IC50<0.030uM' (relation: '<'). Treating as exact value.
2026-07-17 03:47:25,273 WARNING protliggnn.train - Censored or approximate affinity label detected: 'IC50<1nM' (relation: '<'). Treating as exact value.
2026-07-17 03:47:25,273 WARNING protliggnn.train - Censored or approximate affinity label detected: 'IC50<40nM' (relation: '<'). Treating as exact value.
2026-07-17 03:47:25,273 WARNING protliggnn.train - Censored or approximate affinity label detected: 'IC50<5nM' (relation: '<'). Treating as exact value.
2026-07-17 03:47:25,274 WARNING protliggnn.train - Censored or approximate affinity label detected: 'IC50~0.5uM' (relation: '~'). Treating as exact value.
2026-07-17 03:47:25,274 WARNING protliggnn.train - Censored or approximate affinity label detected: 'IC50~1.8uM' (relation: '~'). Treating as exact value.
2026-07-17 03:47:25,275 WARNING protliggnn.train - Censored or approximate affinity label detected: 'IC50~1mM' (relation: '~'). Treating as exact value.
2026-07-17 03:47:25,275 WARNING protliggnn.train - Censored or approximate affinity label detected: 'IC50~700nM' (relation: '~'). Treating as exact value.
2026-07-17 03:47:25,275 WARNING protliggnn.train - Censored or approximate affinity label detected: 'Kd<0.001nM' (relation: '<'). Treating as exact value.
2026-07-17 03:47:25,275 WARNING protliggnn.train - Censored or approximate affinity label detected: 'Kd<0.10uM' (relation: '<'). Treating as exact value.
2026-07-17 03:47:25,275 WARNING protliggnn.train - Censored or approximate affinity label detected: 'Kd<0.4uM' (relation: '<'). Treating as exact value.
2026-07-17 03:47:25,275 WARNING protliggnn.train - Censored or approximate affinity label detected: 'Kd<1nM' (relation: '<'). Treating as exact value.
2026-07-17 03:47:26,849 WARNING protliggnn.train - Censored or approximate affinity label detected: 'Kd~0.2uM' (relation: '~'). Treating as exact value.
2026-07-17 03:47:26,850 WARNING protliggnn.train - Censored or approximate affinity label detected: 'Kd~120nM' (relation: '~'). Treating as exact value.
2026-07-17 03:47:26,850 WARNING protliggnn.train - Censored or approximate affinity label detected: 'Kd~23uM' (relation: '~'). Treating as exact value.
2026-07-17 03:47:26,850 WARNING protliggnn.train - Censored or approximate affinity label detected: 'Kd~23uM' (relation: '~'). Treating as exact value.
2026-07-17 03:47:26,850 WARNING protliggnn.train - Censored or approximate affinity label detected: 'Kd~23uM' (relation: '~'). Treating as exact value.
2026-07-17 03:47:26,850 WARNING protliggnn.train - Censored or approximate affinity label detected: 'Kd~24uM' (relation: '~'). Treating as exact value.
2026-07-17 03:47:26,851 WARNING protliggnn.train - Censored or approximate affinity label detected: 'Kd~25uM' (relation: '~'). Treating as exact value.
2026-07-17 03:47:26,851 WARNING protliggnn.train - Censored or approximate affinity label detected: 'Kd~3nM' (relation: '~'). Treating as exact value.
2026-07-17 03:47:26,851 WARNING protliggnn.train - Censored or approximate affinity label detected: 'Kd~5uM' (relation: '~'). Treating as exact value.
2026-07-17 03:47:26,851 WARNING protliggnn.train - Censored or approximate affinity label detected: 'Kd~7nM' (relation: '~'). Treating as exact value.
2026-07-17 03:47:26,851 WARNING protliggnn.train - Censored or approximate affinity label detected: 'Kd~80uM' (relation: '~'). Treating as exact value.
2026-07-17 03:47:26,851 WARNING protliggnn.train - Censored or approximate affinity label detected: 'Ki<1.0nM' (relation: '<'). Treating as exact value.
2026-07-17 03:47:26,851 WARNING protliggnn.train - Censored or approximate affinity label detected: 'Ki<1.3nM' (relation: '<'). Treating as exact value.
2026-07-17 03:47:26,851 WARNING protliggnn.train - Censored or approximate affinity label detected: 'Ki<1nM' (relation: '<'). Treating as exact value.
2026-07-17 03:47:26,851 WARNING protliggnn.train - Censored or approximate affinity label detected: 'Ki<5pM' (relation: '<'). Treating as exact value.
2026-07-17 03:47:26,851 WARNING protliggnn.train - Censored or approximate affinity label detected: 'Ki<5pM' (relation: '<'). Treating as exact value.
2026-07-17 03:47:26,851 WARNING protliggnn.train - Censored or approximate affinity label detected: 'Ki<5pM' (relation: '<'). Treating as exact value.
2026-07-17 03:47:26,851 WARNING protliggnn.train - Censored or approximate affinity label detected: 'Ki<5pM' (relation: '<'). Treating as exact value.
2026-07-17 03:47:26,851 WARNING protliggnn.train - Censored or approximate affinity label detected: 'Ki<5pM' (relation: '<'). Treating as exact value.
2026-07-17 03:47:26,851 WARNING protliggnn.train - Censored or approximate affinity label detected: 'Ki<5pM' (relation: '<'). Treating as exact value.
2026-07-17 03:47:26,853 WARNING protliggnn.train - Censored or approximate affinity label detected: 'IC50<15nM' (relation: '<'). Treating as exact value.
2026-07-17 03:47:26,853 WARNING protliggnn.train - Censored or approximate affinity label detected: 'IC50<1nM' (relation: '<'). Treating as exact value.
2026-07-17 03:47:26,853 WARNING protliggnn.train - Censored or approximate affinity label detected: 'IC50<1nM' (relation: '<'). Treating as exact value.
2026-07-17 03:47:26,853 WARNING protliggnn.train - Censored or approximate affinity label detected: 'IC50<2nM' (relation: '<'). Treating as exact value.
2026-07-17 03:47:26,853 WARNING protliggnn.train - Censored or approximate affinity label detected: 'IC50<2nM' (relation: '<'). Treating as exact value.
2026-07-17 03:47:26,853 WARNING protliggnn.train - Censored or approximate affinity label detected: 'IC50<2nM' (relation: '<'). Treating as exact value.
2026-07-17 03:47:26,856 WARNING protliggnn.train - Censored or approximate affinity label detected: 'IC50~330uM' (relation: '~'). Treating as exact value.
2026-07-17 03:47:28,329 WARNING protliggnn.train - Censored or approximate affinity label detected: 'IC50~450uM' (relation: '~'). Treating as exact value.
2026-07-17 03:47:28,329 WARNING protliggnn.train - Censored or approximate affinity label detected: 'Kd<0.8nM' (relation: '<'). Treating as exact value.
2026-07-17 03:47:28,329 WARNING protliggnn.train - Censored or approximate affinity label detected: 'Kd<1.26nM' (relation: '<'). Treating as exact value.
2026-07-17 03:47:28,329 WARNING protliggnn.train - Censored or approximate affinity label detected: 'Kd<2.3nM' (relation: '<'). Treating as exact value.
2026-07-17 03:47:28,329 WARNING protliggnn.train - Censored or approximate affinity label detected: 'Kd<55uM' (relation: '<'). Treating as exact value.
2026-07-17 03:47:28,329 WARNING protliggnn.train - Censored or approximate affinity label detected: 'Kd<55uM' (relation: '<'). Treating as exact value.
2026-07-17 03:47:28,331 WARNING protliggnn.train - Censored or approximate affinity label detected: 'Kd~11uM' (relation: '~'). Treating as exact value.
2026-07-17 03:47:28,332 WARNING protliggnn.train - Censored or approximate affinity label detected: 'Kd~200nM' (relation: '~'). Treating as exact value.
2026-07-17 03:47:28,332 WARNING protliggnn.train - Censored or approximate affinity label detected: 'Kd~25uM' (relation: '~'). Treating as exact value.
2026-07-17 03:47:28,332 WARNING protliggnn.train - Censored or approximate affinity label detected: 'Kd~2nM' (relation: '~'). Treating as exact value.
2026-07-17 03:47:28,332 WARNING protliggnn.train - Censored or approximate affinity label detected: 'Ki<0.005nM' (relation: '<'). Treating as exact value.
2026-07-17 03:47:28,332 WARNING protliggnn.train - Censored or approximate affinity label detected: 'Ki<0.005nM' (relation: '<'). Treating as exact value.
2026-07-17 03:47:28,332 WARNING protliggnn.train - Censored or approximate affinity label detected: 'Ki<0.005nM' (relation: '<'). Treating as exact value.
2026-07-17 03:47:28,332 WARNING protliggnn.train - Censored or approximate affinity label detected: 'Ki<0.9nM' (relation: '<'). Treating as exact value.
2026-07-17 03:47:30,253 INFO protliggnn - Found 1000 candidate complexes with labels and matching files before validation.
2026-07-17 03:47:30,259 INFO protliggnn - Found graph cache at data\pdbbind2020\processed_dataset.pt. Validating...
2026-07-17 03:47:30,364 INFO protliggnn - Loading graphs from cache file...
2026-07-17 03:47:30,681 INFO protliggnn - Cache successfully validated. Loaded 1000 pre-built graphs.
2026-07-17 03:47:30,686 INFO protliggnn - Dataset split sizes: train=800 val=100 test=100 (random)
2026-07-17 03:47:33,108 WARNING protliggnn.train - Unable to restore one or more RNG states: RNG state must be a torch.ByteTensor
2026-07-17 03:47:33,108 INFO protliggnn - Resumed from epoch 32; continuing at epoch 33.
2026-07-17 03:48:13,063 INFO protliggnn - Epoch 033 train loss=2.1816 PCC=0.6065 Spearman=0.5943 RMSE=1.4753 MAE=1.1989 R2=0.2772
2026-07-17 03:48:13,063 INFO protliggnn - Epoch 033 val loss=2.0097 PCC=0.6362 Spearman=0.5596 RMSE=1.4157 MAE=1.1532 R2=0.4014
2026-07-17 03:48:13,063 INFO protliggnn - Epoch 033 train diagnostics: Affinity Loss=2.1765 | Contact Loss=0.0453 | Total Loss=2.1816 | Pos Acc=0.0000 | Neg Acc=1.0000 | Precision=0.0000 | Recall=0.0000 | F1=0.0000 | Avg Prob=0.0071
2026-07-17 03:48:13,063 INFO protliggnn - Epoch 033 val diagnostics: Affinity Loss=2.0041 | Contact Loss=0.0511 | Total Loss=2.0097 | Pos Acc=0.0000 | Neg Acc=1.0000 | Precision=0.0000 | Recall=0.0000 | F1=0.0000 | Avg Prob=0.0072
2026-07-17 03:48:13,163 INFO protliggnn - Saved checkpoint for epoch 33 with validation RMSE 1.415679959141715.
2026-07-17 03:48:51,745 INFO protliggnn - Epoch 034 train loss=1.5861 PCC=0.6957 Spearman=0.6764 RMSE=1.2574 MAE=1.0007 R2=0.4749
2026-07-17 03:48:51,745 INFO protliggnn - Epoch 034 val loss=1.9653 PCC=0.6527 Spearman=0.5768 RMSE=1.3999 MAE=1.1474 R2=0.4147
2026-07-17 03:48:51,746 INFO protliggnn - Epoch 034 train diagnostics: Affinity Loss=1.5811 | Contact Loss=0.0452 | Total Loss=1.5861 | Pos Acc=0.0000 | Neg Acc=1.0000 | Precision=0.0000 | Recall=0.0000 | F1=0.0000 | Avg Prob=0.0078
2026-07-17 03:48:51,746 INFO protliggnn - Epoch 034 val diagnostics: Affinity Loss=1.9598 | Contact Loss=0.0510 | Total Loss=1.9653 | Pos Acc=0.0000 | Neg Acc=1.0000 | Precision=0.0000 | Recall=0.0000 | F1=0.0000 | Avg Prob=0.0071
2026-07-17 03:48:51,830 INFO protliggnn - Saved checkpoint for epoch 34 with validation RMSE 1.3999291292569487.
2026-07-17 03:49:29,111 INFO protliggnn - Epoch 035 train loss=1.3692 PCC=0.7443 Spearman=0.7336 RMSE=1.1680 MAE=0.9194 R2=0.5469
2026-07-17 03:49:29,111 INFO protliggnn - Epoch 035 val loss=2.0143 PCC=0.6440 Spearman=0.5616 RMSE=1.4173 MAE=1.1489 R2=0.4000
2026-07-17 03:49:29,111 INFO protliggnn - Epoch 035 train diagnostics: Affinity Loss=1.3642 | Contact Loss=0.0452 | Total Loss=1.3692 | Pos Acc=0.0000 | Neg Acc=1.0000 | Precision=0.0000 | Recall=0.0000 | F1=0.0000 | Avg Prob=0.0075
2026-07-17 03:49:29,111 INFO protliggnn - Epoch 035 val diagnostics: Affinity Loss=2.0087 | Contact Loss=0.0508 | Total Loss=2.0143 | Pos Acc=0.0000 | Neg Acc=1.0000 | Precision=0.0000 | Recall=0.0000 | F1=0.0000 | Avg Prob=0.0073
2026-07-17 03:50:06,212 INFO protliggnn - Epoch 036 train loss=1.3214 PCC=0.7542 Spearman=0.7460 RMSE=1.1474 MAE=0.9160 R2=0.5628
2026-07-17 03:50:06,212 INFO protliggnn - Epoch 036 val loss=2.0096 PCC=0.6429 Spearman=0.5692 RMSE=1.4156 MAE=1.1463 R2=0.4014
2026-07-17 03:50:06,212 INFO protliggnn - Epoch 036 train diagnostics: Affinity Loss=1.3164 | Contact Loss=0.0451 | Total Loss=1.3214 | Pos Acc=0.0000 | Neg Acc=1.0000 | Precision=0.0000 | Recall=0.0000 | F1=0.0000 | Avg Prob=0.0079
2026-07-17 03:50:06,212 INFO protliggnn - Epoch 036 val diagnostics: Affinity Loss=2.0041 | Contact Loss=0.0509 | Total Loss=2.0096 | Pos Acc=0.0000 | Neg Acc=1.0000 | Precision=0.0000 | Recall=0.0000 | F1=0.0000 | Avg Prob=0.0072
2026-07-17 03:50:43,555 INFO protliggnn - Epoch 037 train loss=1.3102 PCC=0.7601 Spearman=0.7518 RMSE=1.1425 MAE=0.9149 R2=0.5665
2026-07-17 03:50:43,555 INFO protliggnn - Epoch 037 val loss=2.0286 PCC=0.6444 Spearman=0.5751 RMSE=1.4223 MAE=1.1453 R2=0.3958
2026-07-17 03:50:43,555 INFO protliggnn - Epoch 037 train diagnostics: Affinity Loss=1.3052 | Contact Loss=0.0451 | Total Loss=1.3102 | Pos Acc=0.0000 | Neg Acc=1.0000 | Precision=0.0000 | Recall=0.0000 | F1=0.0000 | Avg Prob=0.0078
2026-07-17 03:50:43,555 INFO protliggnn - Epoch 037 val diagnostics: Affinity Loss=2.0231 | Contact Loss=0.0509 | Total Loss=2.0286 | Pos Acc=0.0000 | Neg Acc=1.0000 | Precision=0.0000 | Recall=0.0000 | F1=0.0000 | Avg Prob=0.0074
2026-07-17 03:51:20,608 INFO protliggnn - Epoch 038 train loss=1.2651 PCC=0.7676 Spearman=0.7625 RMSE=1.1225 MAE=0.8839 R2=0.5815
2026-07-17 03:51:20,608 INFO protliggnn - Epoch 038 val loss=1.9200 PCC=0.6572 Spearman=0.5867 RMSE=1.3837 MAE=1.1069 R2=0.4282
2026-07-17 03:51:20,608 INFO protliggnn - Epoch 038 train diagnostics: Affinity Loss=1.2601 | Contact Loss=0.0451 | Total Loss=1.2651 | Pos Acc=0.0000 | Neg Acc=1.0000 | Precision=0.0000 | Recall=0.0000 | F1=0.0000 | Avg Prob=0.0079
2026-07-17 03:51:20,609 INFO protliggnn - Epoch 038 val diagnostics: Affinity Loss=1.9145 | Contact Loss=0.0509 | Total Loss=1.9200 | Pos Acc=0.0000 | Neg Acc=1.0000 | Precision=0.0000 | Recall=0.0000 | F1=0.0000 | Avg Prob=0.0072
2026-07-17 03:51:20,705 INFO protliggnn - Saved checkpoint for epoch 38 with validation RMSE 1.3836522096205135.
2026-07-17 03:51:57,888 INFO protliggnn - Epoch 039 train loss=1.2629 PCC=0.7717 Spearman=0.7592 RMSE=1.1215 MAE=0.8824 R2=0.5823
2026-07-17 03:51:57,888 INFO protliggnn - Epoch 039 val loss=2.0126 PCC=0.6482 Spearman=0.5789 RMSE=1.4167 MAE=1.1224 R2=0.4006
2026-07-17 03:51:57,888 INFO protliggnn - Epoch 039 train diagnostics: Affinity Loss=1.2579 | Contact Loss=0.0451 | Total Loss=1.2629 | Pos Acc=0.0000 | Neg Acc=1.0000 | Precision=0.0000 | Recall=0.0000 | F1=0.0000 | Avg Prob=0.0078
2026-07-17 03:51:57,889 INFO protliggnn - Epoch 039 val diagnostics: Affinity Loss=2.0070 | Contact Loss=0.0513 | Total Loss=2.0126 | Pos Acc=0.0000 | Neg Acc=1.0000 | Precision=0.0000 | Recall=0.0000 | F1=0.0000 | Avg Prob=0.0064
2026-07-17 03:52:35,304 INFO protliggnn - Epoch 040 train loss=1.2796 PCC=0.7684 Spearman=0.7536 RMSE=1.1290 MAE=0.8906 R2=0.5767
2026-07-17 03:52:35,304 INFO protliggnn - Epoch 040 val loss=2.0404 PCC=0.6577 Spearman=0.5955 RMSE=1.4265 MAE=1.1168 R2=0.3922
2026-07-17 03:52:35,304 INFO protliggnn - Epoch 040 train diagnostics: Affinity Loss=1.2745 | Contact Loss=0.0453 | Total Loss=1.2796 | Pos Acc=0.0000 | Neg Acc=1.0000 | Precision=0.0000 | Recall=0.0000 | F1=0.0000 | Avg Prob=0.0081
2026-07-17 03:52:35,305 INFO protliggnn - Epoch 040 val diagnostics: Affinity Loss=2.0349 | Contact Loss=0.0509 | Total Loss=2.0404 | Pos Acc=0.0000 | Neg Acc=1.0000 | Precision=0.0000 | Recall=0.0000 | F1=0.0000 | Avg Prob=0.0069
2026-07-17 03:53:12,927 INFO protliggnn - Epoch 041 train loss=1.2549 PCC=0.7708 Spearman=0.7588 RMSE=1.1180 MAE=0.8807 R2=0.5849
2026-07-17 03:53:12,927 INFO protliggnn - Epoch 041 val loss=2.1401 PCC=0.6396 Spearman=0.5871 RMSE=1.4610 MAE=1.1528 R2=0.3625
2026-07-17 03:53:12,927 INFO protliggnn - Epoch 041 train diagnostics: Affinity Loss=1.2498 | Contact Loss=0.0454 | Total Loss=1.2549 | Pos Acc=0.0000 | Neg Acc=1.0000 | Precision=0.0000 | Recall=0.0000 | F1=0.0000 | Avg Prob=0.0080
2026-07-17 03:53:12,927 INFO protliggnn - Epoch 041 val diagnostics: Affinity Loss=2.1345 | Contact Loss=0.0512 | Total Loss=2.1401 | Pos Acc=0.0000 | Neg Acc=1.0000 | Precision=0.0000 | Recall=0.0000 | F1=0.0000 | Avg Prob=0.0066
2026-07-17 03:53:50,472 INFO protliggnn - Epoch 042 train loss=1.1921 PCC=0.7864 Spearman=0.7818 RMSE=1.0895 MAE=0.8679 R2=0.6058
2026-07-17 03:53:50,472 INFO protliggnn - Epoch 042 val loss=2.0355 PCC=0.6390 Spearman=0.5849 RMSE=1.4247 MAE=1.1638 R2=0.3937
2026-07-17 03:53:50,473 INFO protliggnn - Epoch 042 train diagnostics: Affinity Loss=1.1870 | Contact Loss=0.0452 | Total Loss=1.1921 | Pos Acc=0.0000 | Neg Acc=1.0000 | Precision=0.0000 | Recall=0.0000 | F1=0.0000 | Avg Prob=0.0076
2026-07-17 03:53:50,473 INFO protliggnn - Epoch 042 val diagnostics: Affinity Loss=2.0299 | Contact Loss=0.0508 | Total Loss=2.0355 | Pos Acc=0.0000 | Neg Acc=1.0000 | Precision=0.0000 | Recall=0.0000 | F1=0.0000 | Avg Prob=0.0081
2026-07-17 03:54:27,973 INFO protliggnn - Epoch 043 train loss=1.1138 PCC=0.8002 Spearman=0.7923 RMSE=1.0529 MAE=0.8393 R2=0.6318
2026-07-17 03:54:27,973 INFO protliggnn - Epoch 043 val loss=2.0618 PCC=0.6486 Spearman=0.5971 RMSE=1.4340 MAE=1.1252 R2=0.3858
2026-07-17 03:54:27,973 INFO protliggnn - Epoch 043 train diagnostics: Affinity Loss=1.1087 | Contact Loss=0.0451 | Total Loss=1.1138 | Pos Acc=0.0000 | Neg Acc=1.0000 | Precision=0.0000 | Recall=0.0000 | F1=0.0000 | Avg Prob=0.0079
2026-07-17 03:54:27,973 INFO protliggnn - Epoch 043 val diagnostics: Affinity Loss=2.0563 | Contact Loss=0.0509 | Total Loss=2.0618 | Pos Acc=0.0000 | Neg Acc=1.0000 | Precision=0.0000 | Recall=0.0000 | F1=0.0000 | Avg Prob=0.0073
2026-07-17 03:55:05,625 INFO protliggnn - Epoch 044 train loss=1.1395 PCC=0.7968 Spearman=0.7949 RMSE=1.0651 MAE=0.8371 R2=0.6233
2026-07-17 03:55:05,625 INFO protliggnn - Epoch 044 val loss=2.1459 PCC=0.6164 Spearman=0.5459 RMSE=1.4630 MAE=1.1646 R2=0.3607
2026-07-17 03:55:05,625 INFO protliggnn - Epoch 044 train diagnostics: Affinity Loss=1.1344 | Contact Loss=0.0452 | Total Loss=1.1395 | Pos Acc=0.0000 | Neg Acc=1.0000 | Precision=0.0000 | Recall=0.0000 | F1=0.0000 | Avg Prob=0.0078
2026-07-17 03:55:05,625 INFO protliggnn - Epoch 044 val diagnostics: Affinity Loss=2.1404 | Contact Loss=0.0509 | Total Loss=2.1459 | Pos Acc=0.0000 | Neg Acc=1.0000 | Precision=0.0000 | Recall=0.0000 | F1=0.0000 | Avg Prob=0.0074
2026-07-17 03:55:43,260 INFO protliggnn - Epoch 045 train loss=1.0725 PCC=0.8070 Spearman=0.8005 RMSE=1.0332 MAE=0.8182 R2=0.6455
2026-07-17 03:55:43,260 INFO protliggnn - Epoch 045 val loss=2.1841 PCC=0.6239 Spearman=0.5502 RMSE=1.4760 MAE=1.1916 R2=0.3493
2026-07-17 03:55:43,260 INFO protliggnn - Epoch 045 train diagnostics: Affinity Loss=1.0674 | Contact Loss=0.0451 | Total Loss=1.0725 | Pos Acc=0.0000 | Neg Acc=1.0000 | Precision=0.0000 | Recall=0.0000 | F1=0.0000 | Avg Prob=0.0078
2026-07-17 03:55:43,260 INFO protliggnn - Epoch 045 val diagnostics: Affinity Loss=2.1785 | Contact Loss=0.0511 | Total Loss=2.1841 | Pos Acc=0.0000 | Neg Acc=1.0000 | Precision=0.0000 | Recall=0.0000 | F1=0.0000 | Avg Prob=0.0068
2026-07-17 03:56:20,805 INFO protliggnn - Epoch 046 train loss=1.1251 PCC=0.7982 Spearman=0.7904 RMSE=1.0583 MAE=0.8477 R2=0.6280
2026-07-17 03:56:20,805 INFO protliggnn - Epoch 046 val loss=2.1124 PCC=0.6356 Spearman=0.5704 RMSE=1.4515 MAE=1.1390 R2=0.3707
2026-07-17 03:56:20,805 INFO protliggnn - Epoch 046 train diagnostics: Affinity Loss=1.1200 | Contact Loss=0.0451 | Total Loss=1.1251 | Pos Acc=0.0000 | Neg Acc=1.0000 | Precision=0.0000 | Recall=0.0000 | F1=0.0000 | Avg Prob=0.0081
2026-07-17 03:56:20,805 INFO protliggnn - Epoch 046 val diagnostics: Affinity Loss=2.1069 | Contact Loss=0.0509 | Total Loss=2.1124 | Pos Acc=0.0000 | Neg Acc=1.0000 | Precision=0.0000 | Recall=0.0000 | F1=0.0000 | Avg Prob=0.0075
2026-07-17 03:56:58,478 INFO protliggnn - Epoch 047 train loss=1.0679 PCC=0.8149 Spearman=0.8088 RMSE=1.0309 MAE=0.8145 R2=0.6470
2026-07-17 03:56:58,478 INFO protliggnn - Epoch 047 val loss=1.9962 PCC=0.6584 Spearman=0.5980 RMSE=1.4109 MAE=1.1184 R2=0.4055
2026-07-17 03:56:58,478 INFO protliggnn - Epoch 047 train diagnostics: Affinity Loss=1.0628 | Contact Loss=0.0452 | Total Loss=1.0679 | Pos Acc=0.0000 | Neg Acc=1.0000 | Precision=0.0000 | Recall=0.0000 | F1=0.0000 | Avg Prob=0.0079
2026-07-17 03:56:58,478 INFO protliggnn - Epoch 047 val diagnostics: Affinity Loss=1.9906 | Contact Loss=0.0509 | Total Loss=1.9962 | Pos Acc=0.0000 | Neg Acc=1.0000 | Precision=0.0000 | Recall=0.0000 | F1=0.0000 | Avg Prob=0.0074
2026-07-17 03:57:35,983 INFO protliggnn - Epoch 048 train loss=1.0552 PCC=0.8132 Spearman=0.8013 RMSE=1.0248 MAE=0.8363 R2=0.6512
2026-07-17 03:57:35,984 INFO protliggnn - Epoch 048 val loss=2.1238 PCC=0.6542 Spearman=0.6013 RMSE=1.4554 MAE=1.1125 R2=0.3674
2026-07-17 03:57:35,984 INFO protliggnn - Epoch 048 train diagnostics: Affinity Loss=1.0501 | Contact Loss=0.0452 | Total Loss=1.0552 | Pos Acc=0.0000 | Neg Acc=1.0000 | Precision=0.0000 | Recall=0.0000 | F1=0.0000 | Avg Prob=0.0079
2026-07-17 03:57:35,984 INFO protliggnn - Epoch 048 val diagnostics: Affinity Loss=2.1182 | Contact Loss=0.0508 | Total Loss=2.1238 | Pos Acc=0.0000 | Neg Acc=1.0000 | Precision=0.0000 | Recall=0.0000 | F1=0.0000 | Avg Prob=0.0077
2026-07-17 03:57:35,984 INFO protliggnn - Early stopping triggered at epoch 48. Best epoch was 38.
2026-07-17 03:57:36,087 INFO protliggnn - Loaded best model from epoch 38 at D:\ProtLigGnn\experiments\run_015\checkpoint.pt
2026-07-17 03:57:37,883 INFO protliggnn - Test loss=2.8677 PCC=0.5224 Spearman=0.4581 RMSE=1.6919 MAE=1.3544 R2=0.2522
2026-07-17 03:57:41,188 INFO protliggnn - Wrote metrics, predictions, plots, and error analysis.
2026-07-17 03:57:41,207 INFO protliggnn - Experiment artifacts saved to D:\ProtLigGnn\experiments\run_015
